year_month,anomaly_c,lower_ci,upper_ci
1850-01,-0.7336947,-1.0366777,-0.4307117
1850-02,-0.36043638,-0.7184618,-0.0024109068
1850-03,-0.62713146,-0.9600218,-0.29424122
1850-04,-0.60529697,-0.88989735,-0.32069665
1850-05,-0.5315168,-0.7775925,-0.28544107
1850-06,-0.35174996,-0.6120542,-0.09144565
1850-07,-0.17554672,-0.41207892,0.060985498
1850-08,-0.22345923,-0.47512802,0.028209575
1850-09,-0.39381364,-0.653133,-0.1344943
1850-10,-0.5161555,-0.7641106,-0.26820034
1850-11,-0.27654734,-0.5357173,-0.017377373
1850-12,-0.32244864,-0.6017044,-0.043192882
1851-01,-0.26558566,-0.5639451,0.032773793
1851-02,-0.4673408,-0.7884826,-0.14619897
1851-03,-0.6410053,-0.93536747,-0.3466431
1851-04,-0.52828664,-0.806704,-0.24986924
1851-05,-0.22183678,-0.48615128,0.042477712
1851-06,-0.20733659,-0.48010302,0.06542984
1851-07,-0.13640964,-0.37385502,0.101035744
1851-08,-0.14756347,-0.40322018,0.10809321
1851-09,-0.1459551,-0.4145255,0.12261531
1851-10,-0.04530318,-0.30713618,0.21652982
1851-11,-0.10766979,-0.40714496,0.19180538
1851-12,-0.24792688,-0.56180733,0.06595359
1852-01,-0.34589827,-0.6479093,-0.04388728
1852-02,-0.49635816,-0.8297974,-0.16291896
1852-03,-0.5669252,-0.86989653,-0.26395386
1852-04,-0.5746308,-0.83953583,-0.30972576
1852-05,-0.11256703,-0.36344355,0.1383095
1852-06,-0.077197365,-0.32694462,0.1725499
1852-07,0.008964636,-0.2212547,0.23918398
1852-08,-0.14900333,-0.39383087,0.09582421
1852-09,-0.006418369,-0.25700605,0.24416931
1852-10,-0.15764527,-0.38465875,0.06936823
1852-11,-0.27521798,-0.53695756,-0.013478392
1852-12,0.064261936,-0.20954154,0.33806542
1853-01,-0.2041933,-0.49277508,0.08438848
1853-02,-0.3986166,-0.70145804,-0.09577517
1853-03,-0.2726406,-0.5629496,0.017668447
1853-04,-0.40107116,-0.6687572,-0.13338515
1853-05,-0.270081,-0.50515455,-0.03500745
1853-06,-0.124300465,-0.36884028,0.12023935
1853-07,-0.07192186,-0.2828045,0.13896076
1853-08,-0.039818063,-0.27389437,0.19425824
1853-09,-0.26639792,-0.4868962,-0.04589966
1853-10,-0.37279856,-0.5891658,-0.15643132
1853-11,-0.4007882,-0.6631693,-0.138407
1853-12,-0.32555756,-0.6220024,-0.029112665
1854-01,-0.40250707,-0.6516682,-0.15334594
1854-02,-0.39156428,-0.6702549,-0.11287367
1854-03,-0.24713284,-0.5207953,0.026529603
1854-04,-0.32695404,-0.5461949,-0.10771316
1854-05,-0.2774185,-0.47854334,-0.076293685
1854-06,-0.3021317,-0.5303107,-0.0739527
1854-07,-0.16190101,-0.36829916,0.04449715
1854-08,-0.23259757,-0.44015718,-0.02503797
1854-09,-0.2157878,-0.4242816,-0.007294006
1854-10,-0.09925922,-0.27518457,0.07666615
1854-11,-0.41205636,-0.67761177,-0.14650096
1854-12,-0.45369828,-0.7247001,-0.18269649
1855-01,-0.17031084,-0.42411336,0.08349169
1855-02,-0.31291005,-0.5875712,-0.038248908
1855-03,-0.34485918,-0.62308586,-0.066632524
1855-04,-0.21057838,-0.42891946,0.0077627054
1855-05,-0.36843798,-0.57342273,-0.16345319
1855-06,-0.3329686,-0.5523807,-0.1135565
1855-07,-0.31461516,-0.51128656,-0.11794379
1855-08,-0.20184189,-0.41281974,0.009135953
1855-09,-0.25861943,-0.44589004,-0.07134881
1855-10,-0.19998126,-0.4003653,0.0004027814
1855-11,-0.37381244,-0.62114066,-0.12648419
1855-12,-0.40770242,-0.66328734,-0.15211749
1856-01,-0.08278427,-0.31654686,0.1509783
1856-02,-0.34718993,-0.6091239,-0.085256025
1856-03,-0.3712111,-0.6387131,-0.10370912
1856-04,-0.31448796,-0.5196705,-0.10930543
1856-05,-0.292533,-0.49826312,-0.0868029
1856-06,-0.22521582,-0.44700146,-0.003430182
1856-07,-0.22290184,-0.42487812,-0.020925537
1856-08,-0.24855386,-0.46594125,-0.031166473
1856-09,-0.4017519,-0.6118972,-0.19160666
1856-10,-0.44604117,-0.64515567,-0.24692665
1856-11,-0.56131756,-0.81581324,-0.30682188
1856-12,-0.42309567,-0.69704294,-0.1491484
1857-01,-0.4942921,-0.7195398,-0.26904443
1857-02,-0.4418785,-0.7044221,-0.17933491
1857-03,-0.48833084,-0.7699693,-0.2066924
1857-04,-0.6748065,-0.9133899,-0.43622294
1857-05,-0.6539085,-0.8617711,-0.44604585
1857-06,-0.2911743,-0.51390046,-0.06844812
1857-07,-0.40410438,-0.6118036,-0.19640514
1857-08,-0.35559383,-0.5821909,-0.12899679
1857-09,-0.36829397,-0.5758638,-0.16072413
1857-10,-0.46698898,-0.6785295,-0.2554485
1857-11,-0.66211814,-0.91967493,-0.4045613
1857-12,-0.28878108,-0.5540215,-0.023540668
1858-01,-0.33611944,-0.59119225,-0.08104665
1858-02,-0.4876386,-0.7664248,-0.20885243
1858-03,-0.5660633,-0.8573529,-0.27477366
1858-04,-0.4297229,-0.66260254,-0.1968433
1858-05,-0.5225211,-0.7350427,-0.30999953
1858-06,-0.36000618,-0.59452546,-0.12548691
1858-07,-0.34052667,-0.5583669,-0.12268647
1858-08,-0.28751695,-0.5054329,-0.069601
1858-09,-0.2800979,-0.4909445,-0.06925127
1858-10,-0.29180503,-0.49655622,-0.08705383
1858-11,-0.40444997,-0.67143226,-0.1374677
1858-12,-0.4546053,-0.7283993,-0.18081135
1859-01,-0.4054151,-0.6393808,-0.17144936
1859-02,-0.3508319,-0.5967688,-0.10489497
1859-03,-0.32237455,-0.59292436,-0.051824767
1859-04,-0.18896715,-0.40800798,0.030073682
1859-05,-0.16987069,-0.37402934,0.034287956
1859-06,-0.24007069,-0.46177712,-0.018364253
1859-07,-0.29049572,-0.47292823,-0.10806321
1859-08,-0.26642036,-0.48706678,-0.04577398
1859-09,-0.40073764,-0.6066666,-0.19480866
1859-10,-0.24710423,-0.4598266,-0.03438185
1859-11,-0.31005624,-0.56228465,-0.05782782
1859-12,-0.31138346,-0.5898095,-0.032957442
1860-01,-0.39036018,-0.65414864,-0.12657169
1860-02,-0.47841126,-0.7975994,-0.1592231
1860-03,-0.7893188,-1.1310606,-0.44757694
1860-04,-0.30961692,-0.5389516,-0.0802823
1860-05,-0.37111413,-0.5864403,-0.15578794
1860-06,-0.2127543,-0.4549469,0.029438334
1860-07,-0.21101767,-0.43269992,0.01066461
1860-08,-0.13662575,-0.39684892,0.12359742
1860-09,-0.17651302,-0.4059591,0.052933086
1860-10,-0.39112195,-0.60169613,-0.18054783
1860-11,-0.62215847,-0.86401546,-0.38030148
1860-12,-0.7965397,-1.058416,-0.5346635
1861-01,-0.90517104,-1.1902016,-0.6201405
1861-02,-0.68054146,-1.0506036,-0.3104793
1861-03,-0.42158598,-0.827183,-0.015988953
1861-04,-0.39636472,-0.72386134,-0.06886811
1861-05,-0.6966781,-1.0157534,-0.37760273
1861-06,-0.2724492,-0.55828315,0.013384774
1861-07,-0.3489705,-0.6019447,-0.09599635
1861-08,-0.097595915,-0.3516561,0.15646428
1861-09,-0.3336998,-0.5754176,-0.09198201
1861-10,-0.51582086,-0.71397054,-0.31767118
1861-11,-0.48766425,-0.7291308,-0.24619767
1861-12,-0.40781733,-0.71879727,-0.096837424
1862-01,-0.8302512,-1.1385561,-0.52194625
1862-02,-0.79714805,-1.1797544,-0.4145418
1862-03,-0.5375936,-0.9393101,-0.13587719
1862-04,-0.53282684,-0.8345185,-0.23113516
1862-05,-0.3447934,-0.63436407,-0.055222753
1862-06,-0.2752047,-0.52420586,-0.026203478
1862-07,-0.35610244,-0.6009788,-0.11122612
1862-08,-0.500468,-0.7662655,-0.23467055
1862-09,-0.3993082,-0.6264044,-0.17221199
1862-10,-0.50103086,-0.7147106,-0.2873511
1862-11,-0.68491006,-0.9405711,-0.42924896
1862-12,-0.89826745,-1.1983804,-0.59815454
1863-01,-0.08720414,-0.3971735,0.2227652
1863-02,-0.28363347,-0.69889003,0.13162304
1863-03,-0.41439292,-0.77217627,-0.05660958
1863-04,-0.3359353,-0.6480734,-0.023797184
1863-05,-0.39094952,-0.6721547,-0.10974434
1863-06,-0.41835585,-0.68670875,-0.15000293
1863-07,-0.35686275,-0.64034593,-0.0733796
1863-08,-0.33504587,-0.6148643,-0.055227432
1863-09,-0.4046052,-0.6752403,-0.13397016
1863-10,-0.5606118,-0.80079734,-0.32042623
1863-11,-0.50011665,-0.750565,-0.24966833
1863-12,-0.50644475,-0.821586,-0.19130342
1864-01,-0.82488084,-1.171268,-0.47849375
1864-02,-0.60532296,-1.03625,-0.17439587
1864-03,-0.5314121,-0.9199296,-0.14289455
1864-04,-0.5567387,-0.8853148,-0.22816251
1864-05,-0.346019,-0.6473189,-0.04471912
1864-06,-0.11594459,-0.38842356,0.15653439
1864-07,-0.28745678,-0.55989295,-0.015020626
1864-08,-0.34392628,-0.6172651,-0.07058745
1864-09,-0.5260323,-0.78327715,-0.26878747
1864-10,-0.6723407,-0.8993569,-0.44532445
1864-11,-0.4921488,-0.74346167,-0.2408359
1864-12,-0.6274211,-0.9373302,-0.31751198
1865-01,-0.22972421,-0.55336106,0.09391266
1865-02,-0.51286817,-0.9732387,-0.05249757
1865-03,-0.71708083,-1.1474122,-0.28674957
1865-04,-0.545424,-0.8750313,-0.2158167
1865-05,-0.49492788,-0.79017895,-0.1996768
1865-06,-0.25132078,-0.51649505,0.013853513
1865-07,-0.29651147,-0.57376915,-0.019253818
1865-08,-0.24691208,-0.5136703,0.01984615
1865-09,-0.23256682,-0.50099146,0.035857815
1865-10,-0.3286998,-0.5841687,-0.073230885
1865-11,-0.3379596,-0.598227,-0.077692166
1865-12,-0.51290435,-0.8368567,-0.18895203
1866-01,-0.23041412,-0.56443113,0.10360286
1866-02,-0.47209233,-0.83833873,-0.10584597
1866-03,-0.7483365,-1.1368948,-0.35977817
1866-04,-0.5491825,-0.8757269,-0.22263807
1866-05,-0.5992568,-0.9137005,-0.2848131
1866-06,-0.12973092,-0.40263334,0.14317149
1866-07,-0.053188607,-0.31357282,0.2071956
1866-08,-0.2913557,-0.5556775,-0.02703389
1866-09,-0.4619109,-0.7235103,-0.20031153
1866-10,-0.45978358,-0.6842934,-0.23527373
1866-11,-0.3633889,-0.60191363,-0.12486417
1866-12,-0.44330192,-0.73992544,-0.14667843
1867-01,-0.5012026,-0.8375815,-0.16482364
1867-02,-0.40764287,-0.82391244,0.008626711
1867-03,-0.71154207,-1.0870295,-0.33605477
1867-04,-0.4893024,-0.80904496,-0.16955987
1867-05,-0.61576754,-0.9304881,-0.30104694
1867-06,-0.3497442,-0.63090473,-0.06858368
1867-07,-0.25862965,-0.5247311,0.0074717966
1867-08,-0.32534266,-0.60469294,-0.04599238
1867-09,-0.19382298,-0.45330045,0.06565448
1867-10,-0.15673622,-0.39245188,0.07897942
1867-11,-0.290751,-0.53643924,-0.045062773
1867-12,-0.4924907,-0.77945983,-0.20552158
1868-01,-0.7065511,-1.0674937,-0.3456084
1868-02,-0.7107065,-1.1283242,-0.29308888
1868-03,-0.33152503,-0.7173328,0.054282755
1868-04,-0.3835847,-0.6873388,-0.07983055
1868-05,-0.28221005,-0.5905672,0.026147053
1868-06,-0.29758695,-0.5509307,-0.04424324
1868-07,-0.046538997,-0.29191235,0.19883434
1868-08,-0.19503358,-0.46016157,0.07009441
1868-09,-0.37496766,-0.5967106,-0.15322472
1868-10,-0.24309713,-0.44481906,-0.041375197
1868-11,-0.45063135,-0.69945216,-0.20181051
1868-12,-0.33501616,-0.59826463,-0.07176771
1869-01,-0.30413687,-0.6058555,-0.0024182312
1869-02,0.13735774,-0.19177745,0.46649292
1869-03,-0.65085006,-0.98424524,-0.31745487
1869-04,-0.41162053,-0.7095573,-0.11368371
1869-05,-0.3107559,-0.5717945,-0.049717303
1869-06,-0.39642054,-0.65516514,-0.1376759
1869-07,-0.4316918,-0.675439,-0.18794459
1869-08,-0.17842542,-0.43521675,0.078365915
1869-09,-0.16914342,-0.37787694,0.039590076
1869-10,-0.29088375,-0.4596924,-0.12207508
1869-11,-0.29109508,-0.4890318,-0.09315839
1869-12,-0.5245999,-0.7715138,-0.27768603
1870-01,-0.21442753,-0.44346264,0.0146075655
1870-02,-0.4570527,-0.691517,-0.2225884
1870-03,-0.49531865,-0.76176095,-0.22887632
1870-04,-0.35708296,-0.5983382,-0.11582778
1870-05,-0.30391365,-0.55139834,-0.05642898
1870-06,-0.20680325,-0.437984,0.0243775
1870-07,-0.0832475,-0.29691464,0.13041964
1870-08,-0.25554147,-0.51167536,0.0005923894
1870-09,-0.20184942,-0.41993046,0.016231617
1870-10,-0.4277582,-0.64754665,-0.20796973
1870-11,-0.2553485,-0.4800314,-0.030665588
1870-12,-0.6750309,-0.9536367,-0.3964251
1871-01,-0.5914527,-0.8647853,-0.31812018
1871-02,-0.688392,-0.98160034,-0.3951836
1871-03,-0.1713521,-0.48025313,0.13754892
1871-04,-0.2224464,-0.45469368,0.009800896
1871-05,-0.3483847,-0.5971651,-0.099604286
1871-06,-0.26983124,-0.50886416,-0.030798282
1871-07,-0.07270558,-0.29335323,0.14794205
1871-08,-0.3237074,-0.54859877,-0.098816045
1871-09,-0.35705873,-0.56857884,-0.14553864
1871-10,-0.3733814,-0.56301385,-0.18374893
1871-11,-0.5423128,-0.77914274,-0.3054828
1871-12,-0.5200536,-0.7972264,-0.24288082
1872-01,-0.59386724,-0.84798944,-0.33974507
1872-02,-0.62738276,-0.90621114,-0.34855428
1872-03,-0.51853395,-0.8112074,-0.22586043
1872-04,-0.36621708,-0.621345,-0.111089155
1872-05,-0.12129082,-0.35253322,0.109951586
1872-06,-0.26687804,-0.4884874,-0.045268685
1872-07,-0.10946713,-0.3214237,0.10248945
1872-08,0.032685995,-0.20328802,0.26866
1872-09,-0.1552767,-0.35343167,0.042878255
1872-10,-0.1743955,-0.34915125,0.0003602594
1872-11,-0.29189095,-0.48275036,-0.10103155
1872-12,-0.52090067,-0.7576525,-0.28414875
1873-01,-0.23680581,-0.46030554,-0.013306068
1873-02,-0.2723676,-0.5616161,0.016880939
1873-03,-0.39014128,-0.6296835,-0.15059903
1873-04,-0.4620575,-0.67937005,-0.24474493
1873-05,-0.3187277,-0.53341234,-0.10404305
1873-06,-0.2966507,-0.51221657,-0.08108485
1873-07,-0.15776405,-0.3739471,0.058418993
1873-08,-0.2166087,-0.42178366,-0.011433766
1873-09,-0.37763196,-0.5784077,-0.17685616
1873-10,-0.3765355,-0.55265987,-0.20041117
1873-11,-0.42933893,-0.6297212,-0.22895664
1873-12,-0.31950906,-0.58597094,-0.05304716
1874-01,-0.1817292,-0.434868,0.07140963
1874-02,-0.4286057,-0.66775763,-0.18945377
1874-03,-0.6642841,-0.91904926,-0.4095189
1874-04,-0.42153412,-0.63800234,-0.20506594
1874-05,-0.31077743,-0.5654389,-0.056115888
1874-06,-0.55560213,-0.7852175,-0.32598677
1874-07,-0.17058668,-0.38423198,0.043058608
1874-08,-0.28745487,-0.51789427,-0.05701544
1874-09,-0.159738,-0.34752852,0.028052537
1874-10,-0.46680322,-0.6388604,-0.29474607
1874-11,-0.42181873,-0.63448495,-0.20915252
1874-12,-0.31600064,-0.56745553,-0.06454575
1875-01,-0.5755957,-0.7977565,-0.3534349
1875-02,-0.44269317,-0.6788354,-0.20655093
1875-03,-0.5591616,-0.788076,-0.33024716
1875-04,-0.34027356,-0.5505477,-0.12999938
1875-05,-0.2511827,-0.45426282,-0.048102606
1875-06,-0.26499686,-0.48231226,-0.04768148
1875-07,-0.18092534,-0.38272128,0.020870605
1875-08,-0.22718474,-0.45744786,0.0030783683
1875-09,-0.23680477,-0.4433207,-0.030288834
1875-10,-0.22968538,-0.40408584,-0.055284914
1875-11,-0.50699466,-0.7188122,-0.29517713
1875-12,-0.58547246,-0.81071967,-0.36022523
1876-01,-0.5027444,-0.719786,-0.28570282
1876-02,-0.32757896,-0.5495328,-0.105625175
1876-03,-0.33786327,-0.6086782,-0.06704828
1876-04,-0.3943021,-0.6251207,-0.16348347
1876-05,-0.5481547,-0.76546615,-0.33084324
1876-06,-0.3242113,-0.5456288,-0.102793835
1876-07,-0.2005931,-0.39950466,-0.0016815491
1876-08,-0.3256503,-0.564091,-0.087209545
1876-09,-0.43575472,-0.65873355,-0.21277589
1876-10,-0.30573153,-0.48695228,-0.12451079
1876-11,-0.60075325,-0.80842966,-0.39307678
1876-12,-0.6268187,-0.8792602,-0.37437722
1877-01,-0.40895006,-0.6173381,-0.20056199
1877-02,-0.19476254,-0.410467,0.020941915
1877-03,-0.070242554,-0.28864074,0.14815563
1877-04,-0.31577286,-0.5206445,-0.11090123
1877-05,-0.4034899,-0.6062729,-0.20070691
1877-06,-0.10945276,-0.32473576,0.10583022
1877-07,0.01661418,-0.19406219,0.22729054
1877-08,0.22973092,0.007991459,0.45147038
1877-09,0.12743135,-0.058021486,0.31288418
1877-10,0.12457402,-0.06453736,0.3136854
1877-11,0.042961337,-0.14522848,0.23115115
1877-12,-0.02773318,-0.2608343,0.20536794
1878-01,-0.040545285,-0.23462528,0.15353471
1878-02,0.2611604,0.042761754,0.47955906
1878-03,0.40298346,0.1619425,0.6440244
1878-04,0.2096044,0.017211493,0.4019973
1878-05,-0.09169709,-0.30083966,0.117445484
1878-06,0.018226331,-0.1980319,0.23448457
1878-07,-0.06168844,-0.2675153,0.14413843
1878-08,-0.044937383,-0.26142743,0.17155266
1878-09,0.027774988,-0.15661445,0.21216442
1878-10,-0.14774789,-0.32026845,0.024772657
1878-11,-0.11894861,-0.32235718,0.084459975
1878-12,-0.29041678,-0.5195607,-0.061272867
1879-01,-0.21224488,-0.42210096,-0.0023887902
1879-02,-0.23732424,-0.46135646,-0.013292004
1879-03,-0.2468275,-0.470907,-0.022747971
1879-04,-0.35663566,-0.5625398,-0.15073153
1879-05,-0.33014044,-0.5183897,-0.14189115
1879-06,-0.24984536,-0.44244912,-0.057241578
1879-07,-0.27273142,-0.46734816,-0.078114726
1879-08,-0.26216966,-0.47717032,-0.047168985
1879-09,-0.22895597,-0.41419935,-0.043712575
1879-10,-0.15026024,-0.32801908,0.027498592
1879-11,-0.375377,-0.6020566,-0.14869735
1879-12,-0.5423144,-0.80282474,-0.281804
1880-01,-0.38161263,-0.589812,-0.17341329
1880-02,-0.43311024,-0.63907766,-0.22714278
1880-03,-0.18159075,-0.42100507,0.05782356
1880-04,-0.32494053,-0.55532116,-0.09455989
1880-05,-0.3183276,-0.5164459,-0.120209366
1880-06,-0.36678445,-0.55679786,-0.17677107
1880-07,-0.32001582,-0.5032326,-0.13679902
1880-08,-0.09490704,-0.3030832,0.11326911
1880-09,-0.28835458,-0.4695822,-0.10712694
1880-10,-0.37529442,-0.52489156,-0.22569732
1880-11,-0.25912246,-0.4667687,-0.05147625
1880-12,-0.29402268,-0.5530738,-0.034971487
1881-01,-0.17389436,-0.37669387,0.028905151
1881-02,-0.19964735,-0.41304758,0.0137528805
1881-03,-0.21539329,-0.43857938,0.0077927844
1881-04,-0.053380866,-0.23501532,0.12825358
1881-05,-0.09867079,-0.29659855,0.09925699
1881-06,-0.3896171,-0.59450996,-0.18472421
1881-07,-0.18268445,-0.37351665,0.008147732
1881-08,-0.13180213,-0.3398039,0.07619964
1881-09,-0.28668466,-0.4630996,-0.11026975
1881-10,-0.21702819,-0.37531123,-0.05874513
1881-11,-0.36992458,-0.5657708,-0.17407835
1881-12,-0.23740786,-0.45624378,-0.018571941
1882-01,-0.01183915,-0.1921222,0.1684439
1882-02,-0.09814544,-0.2778889,0.08159802
1882-03,-0.14596203,-0.33782765,0.04590359
1882-04,-0.289168,-0.46445704,-0.113878995
1882-05,-0.28977147,-0.46893203,-0.11061087
1882-06,-0.35807094,-0.55257833,-0.16356355
1882-07,-0.30782253,-0.4923792,-0.12326585
1882-08,-0.22393064,-0.4338504,-0.0140108885
1882-09,-0.14529543,-0.3262661,0.03567526
1882-10,-0.3824074,-0.5436804,-0.22113436
1882-11,-0.38512057,-0.57677495,-0.19346614
1882-12,-0.62776095,-0.8556106,-0.3999113
1883-01,-0.44033122,-0.6077424,-0.27292007
1883-02,-0.44839785,-0.6325503,-0.26424536
1883-03,-0.2486792,-0.42329812,-0.07406032
1883-04,-0.41655695,-0.58414185,-0.24897206
1883-05,-0.3234544,-0.50408083,-0.14282797
1883-06,-0.1592449,-0.34918907,0.030699298
1883-07,-0.21554062,-0.37959227,-0.051488962
1883-08,-0.27767068,-0.4715151,-0.08382628
1883-09,-0.3012298,-0.46146345,-0.14099613
1883-10,-0.32315385,-0.47147992,-0.1748278
1883-11,-0.3733057,-0.56406796,-0.18254349
1883-12,-0.40312,-0.619362,-0.18687806
1884-01,-0.42596686,-0.618729,-0.23320472
1884-02,-0.31035388,-0.48794216,-0.13276562
1884-03,-0.49140382,-0.6823128,-0.30049488
1884-04,-0.4687395,-0.63311446,-0.30436462
1884-05,-0.546081,-0.70598066,-0.38618138
1884-06,-0.48808527,-0.66826063,-0.30790988
1884-07,-0.5557362,-0.7229526,-0.3885198
1884-08,-0.41976324,-0.6105192,-0.22900735
1884-09,-0.49775514,-0.6565317,-0.3389786
1884-10,-0.44827563,-0.59676796,-0.2997833
1884-11,-0.5692634,-0.76260144,-0.37592542
1884-12,-0.4719657,-0.6954859,-0.24844548
1885-01,-0.64483386,-0.8240416,-0.46562618
1885-02,-0.53865534,-0.7203819,-0.3569288
1885-03,-0.40757763,-0.5787905,-0.2363648
1885-04,-0.61834466,-0.76922655,-0.4674628
1885-05,-0.591991,-0.75846577,-0.42551628
1885-06,-0.6258631,-0.8109992,-0.44072694
1885-07,-0.40865657,-0.5793349,-0.23797825
1885-08,-0.3960784,-0.58348197,-0.20867486
1885-09,-0.34767368,-0.511476,-0.18387139
1885-10,-0.3461016,-0.49475604,-0.19744715
1885-11,-0.3677833,-0.53419995,-0.2013667
1885-12,-0.20402879,-0.41731226,0.009254707
1886-01,-0.4578638,-0.61078745,-0.3049402
1886-02,-0.4703034,-0.61957467,-0.3210321
1886-03,-0.46656862,-0.6149825,-0.31815475
1886-04,-0.34330103,-0.4889126,-0.19768946
1886-05,-0.27936617,-0.44799188,-0.11074048
1886-06,-0.4983292,-0.6746492,-0.3220092
1886-07,-0.2972087,-0.45411062,-0.14030676
1886-08,-0.44951415,-0.6448097,-0.25421855
1886-09,-0.38023543,-0.53579307,-0.22467785
1886-10,-0.39917353,-0.5479578,-0.2503893
1886-11,-0.47561848,-0.6467772,-0.30445975
1886-12,-0.38060185,-0.5919931,-0.16921061
1887-01,-0.73406196,-0.8922589,-0.57586503
1887-02,-0.6457775,-0.8026474,-0.48890755
1887-03,-0.43512297,-0.592084,-0.27816197
1887-04,-0.47299397,-0.6270681,-0.31891984
1887-05,-0.5124649,-0.690239,-0.33469075
1887-06,-0.5117098,-0.7029114,-0.3205083
1887-07,-0.37888822,-0.5469958,-0.2107806
1887-08,-0.43830377,-0.6348878,-0.24171972
1887-09,-0.37885422,-0.5458061,-0.21190232
1887-10,-0.43443972,-0.5870978,-0.28178158
1887-11,-0.42817745,-0.6020779,-0.25427702
1887-12,-0.48930418,-0.69500214,-0.28360623
1888-01,-0.6150694,-0.7817647,-0.44837406
1888-02,-0.58524644,-0.76327497,-0.40721783
1888-03,-0.59260166,-0.7750615,-0.41014186
1888-04,-0.34351316,-0.50366104,-0.18336529
1888-05,-0.39860126,-0.57777697,-0.21942557
1888-06,-0.31458974,-0.49570572,-0.13347377
1888-07,-0.33486822,-0.50489235,-0.1648441
1888-08,-0.30383828,-0.50046366,-0.1072129
1888-09,-0.3202068,-0.48984867,-0.15056494
1888-10,-0.15795669,-0.31786424,0.0019508607
1888-11,-0.25640315,-0.43510383,-0.07770245
1888-12,-0.24815148,-0.46398717,-0.03231579
1889-01,-0.2938654,-0.47559768,-0.11213316
1889-02,-0.005193013,-0.1906248,0.18023877
1889-03,-0.079265535,-0.27117714,0.11264608
1889-04,-0.08213419,-0.24701409,0.08274571
1889-05,-0.15753026,-0.3361724,0.021111868
1889-06,-0.21602155,-0.41185284,-0.020190274
1889-07,-0.2909722,-0.47444904,-0.107495345
1889-08,-0.31507355,-0.5153891,-0.114758
1889-09,-0.34933463,-0.52119833,-0.17747091
1889-10,-0.36077714,-0.525559,-0.19599526
1889-11,-0.50869274,-0.67645615,-0.3409293
1889-12,-0.34596378,-0.5517157,-0.14021185
1890-01,-0.5159252,-0.6706193,-0.36123115
1890-02,-0.44864374,-0.6266714,-0.27061614
1890-03,-0.6163973,-0.80126065,-0.431534
1890-04,-0.49194187,-0.67956173,-0.30432203
1890-05,-0.5294894,-0.71277654,-0.34620225
1890-06,-0.4847464,-0.6794508,-0.29004195
1890-07,-0.4857722,-0.6636984,-0.30784607
1890-08,-0.46876624,-0.6750747,-0.2624578
1890-09,-0.47662684,-0.64878947,-0.3044642
1890-10,-0.436706,-0.59910476,-0.27430725
1890-11,-0.667224,-0.8349392,-0.4995088
1890-12,-0.38076168,-0.5766092,-0.18491416
1891-01,-0.5744326,-0.7654135,-0.38345167
1891-02,-0.592817,-0.7974891,-0.3881449
1891-03,-0.35578015,-0.54717886,-0.16438144
1891-04,-0.43793827,-0.63475925,-0.2411173
1891-05,-0.3342067,-0.5295604,-0.13885301
1891-06,-0.3654178,-0.56128556,-0.16955005
1891-07,-0.40023366,-0.58822185,-0.21224548
1891-08,-0.3607474,-0.57779664,-0.14369817
1891-09,-0.26140827,-0.4555922,-0.06722437
1891-10,-0.334176,-0.49854186,-0.16981013
1891-11,-0.5299838,-0.7071648,-0.35280275
1891-12,-0.22325908,-0.43609077,-0.01042739
1892-01,-0.4716348,-0.6644544,-0.2788152
1892-02,-0.2880402,-0.480648,-0.0954324
1892-03,-0.5216312,-0.71269304,-0.33056927
1892-04,-0.5370678,-0.74293554,-0.33119997
1892-05,-0.4519514,-0.6478512,-0.2560516
1892-06,-0.43156624,-0.62632287,-0.23680961
1892-07,-0.58998394,-0.79426384,-0.3857041
1892-08,-0.5112062,-0.7245796,-0.2978328
1892-09,-0.38721508,-0.5672582,-0.20717199
1892-10,-0.43694773,-0.61939853,-0.2544969
1892-11,-0.6623413,-0.8450302,-0.47965243
1892-12,-0.78923017,-1.0006195,-0.5778408
1893-01,-1.039964,-1.2186046,-0.86132336
1893-02,-0.8460627,-1.0265833,-0.6655421
1893-03,-0.4214959,-0.61221623,-0.23077558
1893-04,-0.50831175,-0.6943277,-0.32229576
1893-05,-0.57025254,-0.76339185,-0.37711322
1893-06,-0.45261618,-0.65292495,-0.25230742
1893-07,-0.2528014,-0.441424,-0.06417876
1893-08,-0.29511073,-0.51105654,-0.079164885
1893-09,-0.36910433,-0.5531799,-0.18502872
1893-10,-0.3051906,-0.47994307,-0.13043815
1893-11,-0.40178445,-0.57803625,-0.22553267
1893-12,-0.47665915,-0.6962661,-0.2570522
1894-01,-0.6304952,-0.80982786,-0.45116255
1894-02,-0.41898477,-0.6162451,-0.22172444
1894-03,-0.49809912,-0.702418,-0.2937802
1894-04,-0.5233221,-0.7198613,-0.32678288
1894-05,-0.51352173,-0.71939856,-0.3076449
1894-06,-0.5799579,-0.7891173,-0.3707986
1894-07,-0.39804062,-0.59958905,-0.19649218
1894-08,-0.35465294,-0.5696251,-0.13968079
1894-09,-0.43967047,-0.6299831,-0.24935783
1894-10,-0.39872596,-0.582652,-0.21479996
1894-11,-0.4509967,-0.6367912,-0.2652021
1894-12,-0.5384868,-0.7516112,-0.32536232
1895-01,-0.6363193,-0.8125712,-0.4600674
1895-02,-0.63207686,-0.82469374,-0.43945998
1895-03,-0.60957813,-0.8190084,-0.4001479
1895-04,-0.44812807,-0.6667431,-0.22951308
1895-05,-0.4687639,-0.67184514,-0.2656826
1895-06,-0.42064583,-0.627512,-0.21377972
1895-07,-0.33815384,-0.5348768,-0.14143085
1895-08,-0.37406406,-0.5879627,-0.16016543
1895-09,-0.38837868,-0.57246375,-0.20429358
1895-10,-0.31372356,-0.47390485,-0.15354225
1895-11,-0.3123746,-0.47705224,-0.14769696
1895-12,-0.35983032,-0.5578905,-0.16177016
1896-01,-0.31443536,-0.48861632,-0.14025438
1896-02,-0.32868984,-0.5130459,-0.14433376
1896-03,-0.5802674,-0.76362,-0.3969148
1896-04,-0.5287299,-0.7116946,-0.34576517
1896-05,-0.3471449,-0.5671692,-0.12712063
1896-06,-0.22357856,-0.4247486,-0.022408525
1896-07,-0.18469533,-0.3617716,-0.0076190424
1896-08,-0.17283933,-0.38527983,0.039601162
1896-09,-0.1551277,-0.34497955,0.03472415
1896-10,-0.11704905,-0.2814769,0.047378805
1896-11,-0.30805147,-0.474438,-0.14166494
1896-12,-0.08252435,-0.29076752,0.1257188
1897-01,-0.28979796,-0.4789951,-0.10060082
1897-02,-0.33754954,-0.53955436,-0.13554473
1897-03,-0.41013247,-0.6062285,-0.21403642
1897-04,-0.10872677,-0.30353975,0.0860862
1897-05,-0.12141722,-0.3130652,0.070230775
1897-06,-0.16981138,-0.37210378,0.032481037
1897-07,-0.18994027,-0.3749037,-0.0049768477
1897-08,-0.18287988,-0.40239596,0.036636196
1897-09,-0.17639543,-0.3501349,-0.002655966
1897-10,-0.2057948,-0.38211888,-0.029470703
1897-11,-0.41009948,-0.57353157,-0.24666739
1897-12,-0.4532625,-0.63648236,-0.27004263
1898-01,-0.18524984,-0.37518045,0.0046807867
1898-02,-0.5439892,-0.71270156,-0.37527677
1898-03,-0.83337635,-1.0005848,-0.6661679
1898-04,-0.66045624,-0.8481634,-0.4727491
1898-05,-0.5480182,-0.7320207,-0.36401576
1898-06,-0.3343065,-0.52675015,-0.14186287
1898-07,-0.39074147,-0.5823799,-0.19910304
1898-08,-0.3948271,-0.6037144,-0.18593977
1898-09,-0.35992736,-0.5427564,-0.17709836
1898-10,-0.4759396,-0.647277,-0.30460227
1898-11,-0.49485758,-0.6558395,-0.33387563
1898-12,-0.46680996,-0.66206044,-0.27155948
1899-01,-0.34363872,-0.5083987,-0.17887872
1899-02,-0.5276006,-0.6921791,-0.3630221
1899-03,-0.5633823,-0.7276383,-0.3991264
1899-04,-0.41769972,-0.587526,-0.24787344
1899-05,-0.3581083,-0.5420537,-0.17416294
1899-06,-0.50719625,-0.70224214,-0.31215036
1899-07,-0.36427894,-0.54905254,-0.17950536
1899-08,-0.23684002,-0.45345747,-0.020222548
1899-09,-0.14301513,-0.32038435,0.03435407
1899-10,-0.17585902,-0.33936805,-0.012349985
1899-11,-0.04654972,-0.20535794,0.11225851
1899-12,-0.44751418,-0.6395024,-0.25552598
1900-01,-0.4812047,-0.6438489,-0.3185605
1900-02,-0.19196466,-0.35099205,-0.032937266
1900-03,-0.19894376,-0.3679703,-0.029917264
1900-04,-0.22531228,-0.40428153,-0.046343017
1900-05,-0.30053034,-0.48580503,-0.11525564
1900-06,-0.22326255,-0.4226848,-0.023840327
1900-07,-0.20973341,-0.39004666,-0.02942016
1900-08,-0.21000378,-0.42439368,0.00438614
1900-09,-0.19286992,-0.37976024,-0.0059795785
1900-10,-0.057791393,-0.23146895,0.11588616
1900-11,-0.2571459,-0.42463556,-0.0896563
1900-12,-0.21316338,-0.39889044,-0.027436316
1901-01,-0.26402086,-0.42309624,-0.104945496
1901-02,-0.25840166,-0.41226682,-0.10453651
1901-03,-0.17977652,-0.3362037,-0.023349348
1901-04,-0.16481967,-0.3373982,0.007758879
1901-05,-0.23445186,-0.42738917,-0.04151454
1901-06,-0.2560285,-0.44949824,-0.06255879
1901-07,-0.34580567,-0.5311987,-0.16041267
1901-08,-0.2113853,-0.42664626,0.003875669
1901-09,-0.3561651,-0.5335462,-0.17878401
1901-10,-0.33561262,-0.5079406,-0.16328469
1901-11,-0.37368178,-0.53293175,-0.21443185
1901-12,-0.46568483,-0.63563347,-0.29573616
1902-01,-0.42511338,-0.57953984,-0.2706869
1902-02,-0.22412084,-0.37227347,-0.07596821
1902-03,-0.45577875,-0.60928625,-0.30227122
1902-04,-0.44432157,-0.6111386,-0.27750456
1902-05,-0.43461686,-0.63180804,-0.23742568
1902-06,-0.4500647,-0.6430966,-0.25703278
1902-07,-0.4109188,-0.5882078,-0.23362985
1902-08,-0.4305061,-0.63435364,-0.22665858
1902-09,-0.37308553,-0.5511751,-0.19499597
1902-10,-0.49725753,-0.6681279,-0.32638717
1902-11,-0.5539158,-0.71447945,-0.39335212
1902-12,-0.5490247,-0.72414905,-0.37390035
1903-01,-0.42252553,-0.5725434,-0.2725077
1903-02,-0.23462331,-0.3727669,-0.09647969
1903-03,-0.40613472,-0.5476337,-0.2646357
1903-04,-0.5899058,-0.7500624,-0.42974916
1903-05,-0.51376563,-0.69740963,-0.3301217
1903-06,-0.549487,-0.7320049,-0.36696914
1903-07,-0.5111622,-0.6822094,-0.34011507
1903-08,-0.610684,-0.8215113,-0.39985666
1903-09,-0.57118165,-0.74536145,-0.3970019
1903-10,-0.67383254,-0.8316428,-0.5160223
1903-11,-0.63105804,-0.78360933,-0.47850668
1903-12,-0.70818734,-0.8704368,-0.5459379
1904-01,-0.79704237,-0.9464698,-0.647615
1904-02,-0.76683724,-0.9198913,-0.61378324
1904-03,-0.6939121,-0.8410048,-0.54681945
1904-04,-0.6450014,-0.81358975,-0.47641313
1904-05,-0.6114328,-0.7888903,-0.43397528
1904-06,-0.568754,-0.7550835,-0.38242447
1904-07,-0.5590097,-0.73074305,-0.38727626
1904-08,-0.4840859,-0.6907728,-0.277399
1904-09,-0.60041285,-0.7811646,-0.41966105
1904-10,-0.5525205,-0.71500087,-0.39004016
1904-11,-0.39203608,-0.5445698,-0.2395024
1904-12,-0.49375394,-0.6701244,-0.31738347
1905-01,-0.4566211,-0.6040975,-0.30914474
1905-02,-0.71549875,-0.86224735,-0.5687501
1905-03,-0.5188837,-0.65920866,-0.37855878
1905-04,-0.55835843,-0.71496737,-0.40174955
1905-05,-0.4342178,-0.6099253,-0.25851026
1905-06,-0.34481785,-0.52462703,-0.16500865
1905-07,-0.37603787,-0.5381744,-0.21390133
1905-08,-0.3058545,-0.51245445,-0.09925452
1905-09,-0.34688962,-0.5136275,-0.18015166
1905-10,-0.3343655,-0.4869212,-0.18180978
1905-11,-0.2153892,-0.35783565,-0.07294275
1905-12,-0.2643972,-0.43737105,-0.09142339
1906-01,-0.28453687,-0.43207815,-0.13699558
1906-02,-0.3768958,-0.5113861,-0.24240544
1906-03,-0.28155494,-0.42672673,-0.13638316
1906-04,-0.10025885,-0.25611916,0.055601463
1906-05,-0.3723094,-0.54721445,-0.19740428
1906-06,-0.2292129,-0.41132295,-0.04710284
1906-07,-0.34643295,-0.51997405,-0.17289187
1906-08,-0.2723821,-0.48036507,-0.06439913
1906-09,-0.3523126,-0.5256511,-0.17897408
1906-10,-0.3202604,-0.47249773,-0.16802311
1906-11,-0.53089225,-0.6772622,-0.38452235
1906-12,-0.31739596,-0.47774374,-0.15704814
1907-01,-0.516215,-0.6554479,-0.37698218
1907-02,-0.6153823,-0.759415,-0.4713497
1907-03,-0.42705113,-0.5699259,-0.28417638
1907-04,-0.47172624,-0.6302266,-0.31322587
1907-05,-0.6374959,-0.8086795,-0.4663123
1907-06,-0.53865796,-0.7196122,-0.3577038
1907-07,-0.43119016,-0.6009886,-0.26139167
1907-08,-0.49268502,-0.7037285,-0.28164154
1907-09,-0.40008837,-0.5669519,-0.23322485
1907-10,-0.33222163,-0.47972915,-0.18471411
1907-11,-0.54834944,-0.6937246,-0.4029743
1907-12,-0.5827084,-0.7618472,-0.40356964
1908-01,-0.4519169,-0.59519696,-0.3086368
1908-02,-0.40590233,-0.54889566,-0.262909
1908-03,-0.69665587,-0.8337969,-0.5595148
1908-04,-0.5814311,-0.7338332,-0.429029
1908-05,-0.43790126,-0.61980486,-0.2559977
1908-06,-0.40913704,-0.5994534,-0.21882069
1908-07,-0.3958542,-0.56236506,-0.22934337
1908-08,-0.48095068,-0.6960913,-0.26581007
1908-09,-0.38329068,-0.5520452,-0.21453609
1908-10,-0.5676706,-0.7132808,-0.4220604
1908-11,-0.6378442,-0.7742679,-0.50142044
1908-12,-0.6300813,-0.78908396,-0.47107857
1909-01,-0.75475407,-0.88509023,-0.6244179
1909-02,-0.53297746,-0.66668254,-0.39927235
1909-03,-0.6513177,-0.7839341,-0.5187013
1909-04,-0.63047636,-0.77778953,-0.48316312
1909-05,-0.5888554,-0.7635909,-0.4141199
1909-06,-0.5068625,-0.69146657,-0.3222584
1909-07,-0.52792674,-0.68760794,-0.36824554
1909-08,-0.32849208,-0.53468066,-0.12230346
1909-09,-0.4074357,-0.5687524,-0.24611901
1909-10,-0.4895774,-0.6321734,-0.34698135
1909-11,-0.38432604,-0.5194979,-0.24915425
1909-12,-0.59183717,-0.74364024,-0.44003412
1910-01,-0.4175011,-0.55187815,-0.28312403
1910-02,-0.504873,-0.63817376,-0.37157223
1910-03,-0.6017962,-0.7438312,-0.4597612
1910-04,-0.5250092,-0.67233557,-0.3776828
1910-05,-0.52313983,-0.69649535,-0.34978428
1910-06,-0.55233157,-0.73255014,-0.372113
1910-07,-0.44205436,-0.6043967,-0.279712
1910-08,-0.39081913,-0.6018373,-0.17980097
1910-09,-0.41755286,-0.5821734,-0.2529323
1910-10,-0.477344,-0.6200282,-0.33465979
1910-11,-0.6679573,-0.80080456,-0.53511006
1910-12,-0.7446145,-0.8979414,-0.59128755
1911-01,-0.6562781,-0.7792779,-0.53327817
1911-02,-0.7064465,-0.8286788,-0.5842143
1911-03,-0.7646965,-0.8871106,-0.6422823
1911-04,-0.6419462,-0.7912424,-0.49265003
1911-05,-0.64146996,-0.80917484,-0.47376502
1911-06,-0.5602989,-0.7409261,-0.37967184
1911-07,-0.49698126,-0.6649658,-0.3289967
1911-08,-0.50997514,-0.7146019,-0.30534834
1911-09,-0.5009675,-0.6743051,-0.3276299
1911-10,-0.35211805,-0.48807216,-0.21616396
1911-11,-0.34346193,-0.47628456,-0.21063927
1911-12,-0.30291378,-0.4570271,-0.14880048
1912-01,-0.32610142,-0.44913107,-0.20307173
1912-02,-0.31227106,-0.42868918,-0.19585295
1912-03,-0.5567954,-0.6761116,-0.4374793
1912-04,-0.33766785,-0.48374882,-0.19158687
1912-05,-0.33525148,-0.4953898,-0.17511317
1912-06,-0.29028827,-0.46141073,-0.11916584
1912-07,-0.51029885,-0.66324323,-0.35735443
1912-08,-0.58027655,-0.78283584,-0.37771726
1912-09,-0.6464319,-0.8035136,-0.4893503
1912-10,-0.6850322,-0.8176889,-0.5523755
1912-11,-0.5564262,-0.6826072,-0.43024522
1912-12,-0.5769099,-0.72323096,-0.43058884
1913-01,-0.54632044,-0.67609525,-0.4165456
1913-02,-0.53957146,-0.66004014,-0.4191028
1913-03,-0.60106343,-0.7241219,-0.47800496
1913-04,-0.5226398,-0.6766255,-0.36865413
1913-05,-0.5475157,-0.7126661,-0.38236523
1913-06,-0.54598063,-0.7270386,-0.36492264
1913-07,-0.487307,-0.6503917,-0.32422233
1913-08,-0.3996715,-0.60129106,-0.19805194
1913-09,-0.41825762,-0.5767138,-0.25980145
1913-10,-0.44224253,-0.5817402,-0.3027449
1913-11,-0.36150652,-0.4905462,-0.23246686
1913-12,-0.15013762,-0.29886523,-0.0014100246
1914-01,-0.07075577,-0.19469832,0.05318677
1914-02,-0.25545025,-0.37828323,-0.1326173
1914-03,-0.39181992,-0.51663613,-0.26700374
1914-04,-0.4009329,-0.5396097,-0.26225612
1914-05,-0.30851153,-0.46911216,-0.14791086
1914-06,-0.3108636,-0.48684403,-0.13488322
1914-07,-0.29794353,-0.45902267,-0.13686436
1914-08,-0.24536806,-0.45098767,-0.039748468
1914-09,-0.30247036,-0.48129156,-0.12364913
1914-10,-0.10999061,-0.25634697,0.03636574
1914-11,-0.18151161,-0.31765112,-0.045372095
1914-12,-0.23782916,-0.3848825,-0.09077581
1915-01,-0.2835154,-0.42633992,-0.14069085
1915-02,-0.21343437,-0.3542233,-0.07264543
1915-03,-0.19529667,-0.34304518,-0.04754816
1915-04,-0.08560986,-0.23890147,0.06768174
1915-05,-0.17682685,-0.36435142,0.010697706
1915-06,-0.17441633,-0.36726952,0.018436836
1915-07,-0.17673115,-0.35855612,0.0050938088
1915-08,-0.064133756,-0.2844811,0.15621358
1915-09,-0.112291776,-0.28166756,0.057084017
1915-10,-0.28237036,-0.43482497,-0.12991574
1915-11,-0.16992375,-0.30729318,-0.032554343
1915-12,-0.35247612,-0.48937452,-0.21557774
1916-01,-0.33612216,-0.46915856,-0.2030857
1916-02,-0.26491648,-0.40373445,-0.12609853
1916-03,-0.43507338,-0.56965566,-0.3004911
1916-04,-0.38061446,-0.5387269,-0.22250195
1916-05,-0.42662773,-0.62419266,-0.22906281
1916-06,-0.49785638,-0.6976402,-0.29807255
1916-07,-0.38625917,-0.5731414,-0.19937697
1916-08,-0.29655352,-0.5097553,-0.08335171
1916-09,-0.3252342,-0.49617618,-0.15429223
1916-10,-0.3723561,-0.5262632,-0.21844895
1916-11,-0.5093867,-0.6454745,-0.3732989
1916-12,-0.8116807,-0.9511475,-0.6722138
1917-01,-0.6917105,-0.8353355,-0.54808545
1917-02,-0.7163067,-0.87009716,-0.5625162
1917-03,-0.78046644,-0.923216,-0.63771695
1917-04,-0.5435676,-0.7086844,-0.37845078
1917-05,-0.64062136,-0.83379126,-0.4474514
1917-06,-0.4783983,-0.68382895,-0.27296764
1917-07,-0.2574917,-0.45005706,-0.06492634
1917-08,-0.33890095,-0.58391625,-0.09388569
1917-09,-0.30343127,-0.48116767,-0.12569487
1917-10,-0.53336895,-0.6895489,-0.37718898
1917-11,-0.45498002,-0.59464455,-0.3153155
1917-12,-0.7874779,-0.9537126,-0.62124324
1918-01,-0.5187787,-0.6748328,-0.3627245
1918-02,-0.6765551,-0.8289045,-0.52420574
1918-03,-0.58216375,-0.73797053,-0.42635697
1918-04,-0.6266912,-0.8043593,-0.4490231
1918-05,-0.5272658,-0.7419271,-0.31260446
1918-06,-0.38915306,-0.5994177,-0.17888846
1918-07,-0.3706182,-0.5540228,-0.18721358
1918-08,-0.4441473,-0.6724495,-0.21584505
1918-09,-0.27426752,-0.46202138,-0.08651365
1918-10,-0.11720026,-0.293468,0.059067484
1918-11,-0.16862817,-0.3427813,0.0055249734
1918-12,-0.4169153,-0.58454275,-0.24928789
1919-01,-0.24290186,-0.41443437,-0.07136935
1919-02,-0.23586705,-0.39352298,-0.07821113
1919-03,-0.39355487,-0.5695168,-0.21759294
1919-04,-0.20925753,-0.39998493,-0.018530129
1919-05,-0.31249607,-0.516714,-0.108278185
1919-06,-0.36950374,-0.5653394,-0.17366809
1919-07,-0.32062152,-0.5172745,-0.12396854
1919-08,-0.2578348,-0.4905895,-0.025080062
1919-09,-0.29425618,-0.47144935,-0.11706305
1919-10,-0.27244198,-0.44336623,-0.10151776
1919-11,-0.5609775,-0.70544785,-0.4165072
1919-12,-0.5190008,-0.6745339,-0.3634678
1920-01,-0.27549672,-0.4355657,-0.11542777
1920-02,-0.5446297,-0.6796756,-0.4095838
1920-03,-0.16858278,-0.3242277,-0.01293787
1920-04,-0.34182736,-0.52453816,-0.15911655
1920-05,-0.25982708,-0.45725542,-0.062398743
1920-06,-0.2526152,-0.45830852,-0.046921905
1920-07,-0.3183703,-0.5041656,-0.132575
1920-08,-0.23367624,-0.4556872,-0.011665282
1920-09,-0.20521392,-0.38401243,-0.026415419
1920-10,-0.22215475,-0.37488565,-0.069423854
1920-11,-0.3386833,-0.49758503,-0.17978156
1920-12,-0.4916411,-0.63645244,-0.34682977
1921-01,-0.23009698,-0.36866862,-0.091525346
1921-02,-0.29526424,-0.42998573,-0.16054274
1921-03,-0.34817618,-0.48623967,-0.21011272
1921-04,-0.29409987,-0.45433992,-0.1338598
1921-05,-0.30036768,-0.48176375,-0.1189716
1921-06,-0.15941109,-0.35311672,0.034294553
1921-07,-0.15206353,-0.3349175,0.03079043
1921-08,-0.3168488,-0.52896583,-0.104731835
1921-09,-0.1970843,-0.36653545,-0.027633138
1921-10,-0.12933318,-0.27669835,0.018031996
1921-11,-0.1936054,-0.32415754,-0.06305326
1921-12,-0.28037155,-0.41401455,-0.14672856
1922-01,-0.41835487,-0.548145,-0.2885647
1922-02,-0.4056852,-0.5275822,-0.28378814
1922-03,-0.33042884,-0.46482745,-0.19603023
1922-04,-0.29484954,-0.4449537,-0.14474533
1922-05,-0.4677514,-0.6426653,-0.29283753
1922-06,-0.29670164,-0.47277138,-0.12063192
1922-07,-0.2639083,-0.43238434,-0.09543224
1922-08,-0.35398406,-0.5550991,-0.15286902
1922-09,-0.31672782,-0.4788618,-0.15459381
1922-10,-0.34727657,-0.48539677,-0.20915633
1922-11,-0.2543594,-0.37156704,-0.13715176
1922-12,-0.3075381,-0.43890995,-0.17616624
1923-01,-0.40358266,-0.52654725,-0.28061807
1923-02,-0.48835424,-0.6085168,-0.36819163
1923-03,-0.45963058,-0.5801142,-0.33914697
1923-04,-0.40758264,-0.5511581,-0.26400724
1923-05,-0.40082577,-0.5694356,-0.23221594
1923-06,-0.25995073,-0.43571532,-0.08418616
1923-07,-0.41432616,-0.5752227,-0.25342962
1923-08,-0.32122013,-0.5231414,-0.11929884
1923-09,-0.33364418,-0.49529848,-0.17198987
1923-10,-0.16849536,-0.30663168,-0.030359032
1923-11,-0.025101868,-0.1458838,0.095680065
1923-12,-0.09191486,-0.21527386,0.03144414
1924-01,-0.32809886,-0.45377418,-0.20242354
1924-02,-0.30968896,-0.42690054,-0.19247735
1924-03,-0.17746355,-0.29928124,-0.05564586
1924-04,-0.33799425,-0.48169804,-0.19429044
1924-05,-0.2117845,-0.3771431,-0.04642588
1924-06,-0.26971695,-0.44822305,-0.09121084
1924-07,-0.2962571,-0.4479518,-0.14456242
1924-08,-0.31361791,-0.51825064,-0.10898521
1924-09,-0.32549635,-0.48800954,-0.16298315
1924-10,-0.35907298,-0.4964395,-0.22170648
1924-11,-0.28282258,-0.4022301,-0.16341506
1924-12,-0.4900155,-0.61152214,-0.36850882
1925-01,-0.48447105,-0.6111924,-0.35774973
1925-02,-0.47421008,-0.5955635,-0.3528567
1925-03,-0.3740107,-0.49738538,-0.25063604
1925-04,-0.3007729,-0.44430065,-0.15724516
1925-05,-0.3074031,-0.48555943,-0.12924673
1925-06,-0.34013987,-0.5298982,-0.15038148
1925-07,-0.33730775,-0.4917977,-0.18281785
1925-08,-0.16610648,-0.36866444,0.036451492
1925-09,-0.2542815,-0.42085567,-0.08770731
1925-10,-0.28279346,-0.429193,-0.1363939
1925-11,-0.05227776,-0.1721111,0.06755558
1925-12,0.018593444,-0.107007585,0.14419447
1926-01,0.08175703,-0.0501243,0.21363837
1926-02,-0.03679195,-0.1555751,0.081991196
1926-03,0.021171652,-0.10291766,0.14526096
1926-04,-0.16004369,-0.31229755,-0.007789832
1926-05,-0.266606,-0.43767852,-0.09553349
1926-06,-0.18072431,-0.35829398,-0.0031546135
1926-07,-0.20916334,-0.37156314,-0.046763536
1926-08,-0.10150231,-0.3112543,0.10824969
1926-09,-0.11794428,-0.277896,0.042007424
1926-10,-0.06908985,-0.20826907,0.07008937
1926-11,-0.10976566,-0.23457672,0.015045395
1926-12,-0.31683823,-0.44391122,-0.1897652
1927-01,-0.30985636,-0.43464515,-0.18506758
1927-02,-0.2064402,-0.31735194,-0.09552845
1927-03,-0.40839356,-0.52270555,-0.29408163
1927-04,-0.3155458,-0.45435983,-0.17673175
1927-05,-0.23147134,-0.3966262,-0.06631651
1927-06,-0.24982631,-0.42765328,-0.07199935
1927-07,-0.21086046,-0.3639127,-0.05780822
1927-08,-0.20705144,-0.4040011,-0.010101792
1927-09,-0.108941056,-0.26269993,0.044817805
1927-10,-0.021410033,-0.16182142,0.11900136
1927-11,-0.12043209,-0.23776978,-0.0030943942
1927-12,-0.31979832,-0.44166416,-0.19793251
1928-01,-0.024776636,-0.1535868,0.10403353
1928-02,-0.12267449,-0.2507338,0.005384835
1928-03,-0.31813625,-0.44672397,-0.18954854
1928-04,-0.23598641,-0.37985978,-0.09211305
1928-05,-0.30218256,-0.47252265,-0.13184245
1928-06,-0.33235246,-0.5039652,-0.16073972
1928-07,-0.19037025,-0.34174088,-0.038999632
1928-08,-0.17739731,-0.37362134,0.018826712
1928-09,-0.20670149,-0.37249246,-0.040910523
1928-10,-0.18655096,-0.32414463,-0.048957314
1928-11,-0.17232367,-0.29988784,-0.044759516
1928-12,-0.23151593,-0.35632065,-0.10671121
1929-01,-0.4340553,-0.5583478,-0.30976275
1929-02,-0.60112005,-0.7225817,-0.47965848
1929-03,-0.4850867,-0.6099462,-0.3602272
1929-04,-0.44075286,-0.5883775,-0.29312822
1929-05,-0.43484563,-0.60330606,-0.26638517
1929-06,-0.40392876,-0.57787305,-0.22998446
1929-07,-0.4356043,-0.59410214,-0.27710646
1929-08,-0.2620627,-0.46803358,-0.056091808
1929-09,-0.2734211,-0.43697828,-0.10986396
1929-10,-0.21415122,-0.35294342,-0.075359024
1929-11,-0.13710696,-0.25418854,-0.020025376
1929-12,-0.56161815,-0.6842826,-0.43895367
1930-01,-0.3582055,-0.48553655,-0.23087445
1930-02,-0.33801308,-0.45713362,-0.21889254
1930-03,-0.24422893,-0.3657447,-0.122713156
1930-04,-0.22422738,-0.36664554,-0.08180923
1930-05,-0.24692333,-0.4111041,-0.082742564
1930-06,-0.19681416,-0.37298718,-0.02064114
1930-07,-0.17981905,-0.3470825,-0.012555599
1930-08,-0.09020169,-0.29549515,0.11509177
1930-09,-0.092769794,-0.25508267,0.06954306
1930-10,-0.081125215,-0.21488756,0.052637126
1930-11,0.06904957,-0.05327641,0.19137554
1930-12,-0.05531298,-0.1735203,0.06289433
1931-01,-0.12728073,-0.2542801,-0.00028136987
1931-02,-0.25378972,-0.36338454,-0.1441949
1931-03,-0.11402873,-0.23446679,0.0064093294
1931-04,-0.18130071,-0.324893,-0.03770844
1931-05,-0.20138004,-0.36700425,-0.035755828
1931-06,-0.023266362,-0.19984746,0.15331474
1931-07,-0.010316032,-0.17730103,0.15666898
1931-08,-0.03563309,-0.2454909,0.1742247
1931-09,-0.05012884,-0.20495145,0.10469376
1931-10,-0.022466533,-0.16405195,0.11911888
1931-11,-0.14927475,-0.26463416,-0.033915356
1931-12,-0.100958765,-0.21657887,0.014661342
1932-01,0.070236534,-0.049102567,0.18957563
1932-02,-0.18819495,-0.29946443,-0.07692548
1932-03,-0.20114462,-0.3221158,-0.08017344
1932-04,-0.07686023,-0.2104445,0.05672404
1932-05,-0.16717155,-0.32192352,-0.0124195935
1932-06,-0.25636408,-0.42106152,-0.09166665
1932-07,-0.13365234,-0.2929118,0.025607102
1932-08,-0.18760896,-0.39101022,0.015792308
1932-09,-0.0026432085,-0.15184604,0.14655961
1932-10,-0.09407605,-0.23087351,0.042721402
1932-11,-0.29589286,-0.40970746,-0.1820783
1932-12,-0.26641268,-0.381955,-0.15087035
1933-01,-0.3241178,-0.43577403,-0.2124616
1933-02,-0.34880838,-0.453756,-0.24386077
1933-03,-0.4006236,-0.5085614,-0.2926858
1933-04,-0.30257553,-0.43686953,-0.16828156
1933-05,-0.2908854,-0.45773676,-0.124033995
1933-06,-0.3269607,-0.5085529,-0.1453685
1933-07,-0.29399803,-0.44814038,-0.13985568
1933-08,-0.15399523,-0.35163406,0.0436436
1933-09,-0.32821533,-0.48435056,-0.17208007
1933-10,-0.2487255,-0.38090152,-0.11654951
1933-11,-0.4060631,-0.5152614,-0.29686478
1933-12,-0.5147507,-0.62139356,-0.40810794
1934-01,-0.3302793,-0.43589804,-0.22466056
1934-02,-0.14811876,-0.2458277,-0.050409842
1934-03,-0.42936015,-0.5351029,-0.3236174
1934-04,-0.38489783,-0.5152025,-0.25459313
1934-05,-0.14961712,-0.3079043,0.008670042
1934-06,-0.09052083,-0.27831128,0.09726963
1934-07,-0.17999098,-0.33570394,-0.024278006
1934-08,-0.11649547,-0.32525548,0.09226454
1934-09,-0.13917924,-0.29103133,0.012672836
1934-10,-0.08315384,-0.22143449,0.055126812
1934-11,0.03561093,-0.07075068,0.14197254
1934-12,-0.10855337,-0.21530722,-0.001799526
1935-01,-0.35741302,-0.47120744,-0.24361861
1935-02,0.040657837,-0.059519716,0.14083539
1935-03,-0.23294424,-0.33196053,-0.13392794
1935-04,-0.33146426,-0.4661673,-0.19676122
1935-05,-0.32954872,-0.49836597,-0.16073143
1935-06,-0.21777625,-0.39492524,-0.040627286
1935-07,-0.15007329,-0.30615753,0.0060109585
1935-08,-0.14960822,-0.34386504,0.04464859
1935-09,-0.19363704,-0.34330755,-0.04396654
1935-10,-0.05373449,-0.17863916,0.07117018
1935-11,-0.32635114,-0.42946744,-0.2232348
1935-12,-0.25254253,-0.35197186,-0.15311314
1936-01,-0.39335644,-0.5002657,-0.28644717
1936-02,-0.33927172,-0.4399077,-0.23863573
1936-03,-0.33444518,-0.44070148,-0.22818889
1936-04,-0.19625486,-0.32426605,-0.06824368
1936-05,-0.17848295,-0.34125078,-0.015715117
1936-06,-0.14979307,-0.31694725,0.017361108
1936-07,-0.07909436,-0.23290165,0.07471293
1936-08,-0.070707254,-0.2695385,0.12812398
1936-09,-0.108802326,-0.26065898,0.043054335
1936-10,-0.039926305,-0.17303647,0.09318386
1936-11,-0.063195124,-0.1721555,0.045765262
1936-12,-0.098335825,-0.20980273,0.013131079
1937-01,-0.12454075,-0.23315972,-0.015921777
1937-02,0.072073765,-0.029269485,0.17341702
1937-03,-0.26155695,-0.3642197,-0.15889423
1937-04,-0.11816132,-0.2457256,0.009402956
1937-05,-0.08955565,-0.25011566,0.07100435
1937-06,-0.00652999,-0.17841376,0.16535379
1937-07,0.024520576,-0.121591024,0.17063217
1937-08,0.04098419,-0.15052646,0.23249485
1937-09,0.1475272,-0.002158533,0.29721293
1937-10,0.13115542,-0.002114109,0.26442495
1937-11,0.06559572,-0.04004499,0.17123644
1937-12,-0.07408369,-0.18620026,0.03803289
1938-01,0.04496974,-0.059908785,0.14984827
1938-02,-0.014212734,-0.110284194,0.081858724
1938-03,-0.025334358,-0.12520689,0.07453818
1938-04,0.03365099,-0.10118801,0.16849
1938-05,-0.10347957,-0.27361345,0.066654325
1938-06,-0.092039436,-0.2636633,0.079584405
1938-07,-0.044450153,-0.19775487,0.10885458
1938-08,0.0016560663,-0.19426067,0.1975728
1938-09,0.024587316,-0.1282679,0.17744252
1938-10,0.16581134,0.029627018,0.30199566
1938-11,0.05244539,-0.05460164,0.15949242
1938-12,-0.19831587,-0.3105998,-0.08603195
1939-01,-0.11470534,-0.21397577,-0.015434905
1939-02,-0.12072663,-0.20716386,-0.034289405
1939-03,-0.2948422,-0.38904062,-0.20064382
1939-04,-0.11647774,-0.24088608,0.007930596
1939-05,-0.039852332,-0.19344877,0.113744095
1939-06,0.015481897,-0.15160128,0.18256508
1939-07,-0.036095645,-0.19483538,0.12264409
1939-08,-0.036164053,-0.2460839,0.1737558
1939-09,-0.01526929,-0.19152908,0.1609905
1939-10,-0.10086634,-0.2656762,0.063943535
1939-11,0.020696409,-0.108222604,0.14961542
1939-12,0.33719608,0.20834439,0.46604782
1940-01,-0.04680307,-0.17170104,0.0780949
1940-02,0.080247834,-0.038481347,0.19897701
1940-03,-0.043005414,-0.16941804,0.0834072
1940-04,0.14281604,-0.040093247,0.32572535
1940-05,0.035399556,-0.15875062,0.22954974
1940-06,0.043449067,-0.1482678,0.23516594
1940-07,0.14791606,-0.028734284,0.32456642
1940-08,0.101698846,-0.116763204,0.3201609
1940-09,0.1286174,-0.039374843,0.29660964
1940-10,0.09768017,-0.057619132,0.25297946
1940-11,-0.0021208753,-0.13093685,0.12669508
1940-12,0.20000899,0.06911181,0.33090615
1941-01,-0.043574393,-0.26091304,0.17376426
1941-02,0.11192768,-0.10084191,0.3246973
1941-03,-0.123052314,-0.3398316,0.09372698
1941-04,0.033017304,-0.2077257,0.27376032
1941-05,0.058046844,-0.20275754,0.31885123
1941-06,0.054870714,-0.20053367,0.3102751
1941-07,0.1563377,-0.08724679,0.39992216
1941-08,0.036030337,-0.23947136,0.31153205
1941-09,-0.14676172,-0.38421914,0.0906957
1941-10,0.21039876,-0.016461417,0.43725896
1941-11,-0.012618683,-0.23107843,0.20584106
1941-12,0.07761256,-0.12611495,0.28134006
1942-01,0.24973598,0.03248095,0.466991
1942-02,0.015508232,-0.19798328,0.22899973
1942-03,-0.04526941,-0.26126468,0.17072585
1942-04,-0.009011197,-0.2512453,0.23322289
1942-05,0.12236629,-0.14417443,0.38890702
1942-06,0.02726805,-0.23213223,0.28666833
1942-07,-0.062464308,-0.3084533,0.18352467
1942-08,-0.061117124,-0.34122372,0.21898948
1942-09,-0.014324819,-0.2676008,0.23895116
1942-10,-0.09257965,-0.32149935,0.13634005
1942-11,-0.055774804,-0.2710479,0.15949829
1942-12,-0.08047181,-0.30514908,0.14420545
1943-01,-0.19098167,-0.4024124,0.020449093
1943-02,-0.02702341,-0.24717298,0.19312616
1943-03,-0.16375095,-0.38141218,0.0539103
1943-04,0.022385767,-0.21676627,0.26153782
1943-05,0.03288265,-0.22964013,0.29540542
1943-06,-0.07796264,-0.3329907,0.17706543
1943-07,0.020770969,-0.21393713,0.25547907
1943-08,0.030902661,-0.25156218,0.31336752
1943-09,-0.014618457,-0.2513239,0.22208701
1943-10,0.23026688,0.0027783469,0.45775545
1943-11,0.10361148,-0.108671054,0.315894
1943-12,0.10983145,-0.10416697,0.3238299
1944-01,0.32446104,0.11036597,0.5385561
1944-02,0.12444995,-0.085228,0.3341279
1944-03,0.11578709,-0.10106092,0.3326351
1944-04,0.043971848,-0.18894845,0.27689216
1944-05,0.118437715,-0.14215897,0.3790344
1944-06,0.10558869,-0.16140912,0.3725865
1944-07,0.14798354,-0.0938462,0.38981327
1944-08,0.20684843,-0.08341487,0.4971117
1944-09,0.1646595,-0.07400397,0.40332296
1944-10,0.2101328,-0.009154627,0.4294202
1944-11,0.090104856,-0.12467781,0.3048875
1944-12,0.083113395,-0.112989135,0.27921593
1945-01,0.093040675,-0.118444845,0.3045262
1945-02,0.045245588,-0.16626878,0.25675997
1945-03,0.03489175,-0.1836467,0.2534302
1945-04,0.20919947,-0.023392912,0.44179186
1945-05,-0.06126155,-0.32661486,0.20409174
1945-06,-0.040081773,-0.3018121,0.22164857
1945-07,0.0026349896,-0.24322873,0.24849871
1945-08,0.23794259,-0.05590708,0.5317923
1945-09,0.10414755,-0.1261659,0.334461
1945-10,0.09338272,-0.13872476,0.3254902
1945-11,-0.0029492748,-0.2270545,0.22115596
1945-12,-0.20132583,-0.3989171,-0.0037345649
1946-01,0.0405929,-0.13523066,0.21641646
1946-02,-0.12366901,-0.29600486,0.048666846
1946-03,-0.13080442,-0.2991049,0.037496056
1946-04,-0.005365729,-0.18478322,0.17405176
1946-05,-0.08367489,-0.2798238,0.112474024
1946-06,-0.26983657,-0.47293618,-0.066736974
1946-07,-0.11259827,-0.30567843,0.08048191
1946-08,-0.15736927,-0.39206862,0.07733009
1946-09,-0.097848,-0.28334805,0.08765206
1946-10,-0.071094766,-0.23761302,0.09542349
1946-11,-0.11436654,-0.264027,0.03529391
1946-12,-0.34679186,-0.4861429,-0.20744082
1947-01,-0.15669821,-0.29191363,-0.021482809
1947-02,-0.14593273,-0.28008,-0.011785478
1947-03,-0.07969951,-0.22308414,0.06368512
1947-04,-0.06208204,-0.22902146,0.104857385
1947-05,-0.07677964,-0.27788693,0.12432767
1947-06,-0.093579635,-0.30918005,0.122020766
1947-07,-0.071048304,-0.2614782,0.11938158
1947-08,-0.118973285,-0.34864894,0.110702366
1947-09,-0.16704448,-0.35880825,0.024719276
1947-10,0.031783853,-0.14440309,0.2079708
1947-11,0.024341784,-0.12585145,0.17453502
1947-12,-0.23622113,-0.38066667,-0.091775626
1948-01,-0.022709899,-0.15596186,0.11054206
1948-02,-0.2402255,-0.37420356,-0.1062474
1948-03,-0.290874,-0.42845055,-0.1532975
1948-04,-0.11970083,-0.28611305,0.046711396
1948-05,0.05162446,-0.14637436,0.24962328
1948-06,-0.014276116,-0.20632437,0.17777213
1948-07,-0.13495894,-0.32104564,0.05112775
1948-08,-0.049284745,-0.26585934,0.16728984
1948-09,-0.13981593,-0.3137523,0.034120455
1948-10,-0.06086924,-0.21692707,0.09518859
1948-11,-0.17867373,-0.32468852,-0.03265893
1948-12,-0.35026267,-0.4892113,-0.21131404
1949-01,-0.028536009,-0.15152925,0.09445724
1949-02,-0.24785815,-0.36622605,-0.12949024
1949-03,-0.12045357,-0.24105303,0.00014589822
1949-04,-0.15664081,-0.30333427,-0.009947357
1949-05,-0.11873754,-0.30590063,0.06842556
1949-06,-0.24279937,-0.427338,-0.058260746
1949-07,-0.1905579,-0.36140215,-0.019713633
1949-08,-0.08612758,-0.3015843,0.12932916
1949-09,-0.13694791,-0.3036608,0.02976499
1949-10,-0.10052041,-0.24437568,0.043334857
1949-11,-0.19435553,-0.31688592,-0.07182512
1949-12,-0.22292389,-0.34231722,-0.10353055
1950-01,-0.31205648,-0.4237506,-0.20036238
1950-02,-0.38173488,-0.49791613,-0.2655536
1950-03,-0.23012649,-0.3414828,-0.118770175
1950-04,-0.25358754,-0.40397644,-0.10319862
1950-05,-0.15597142,-0.32590222,0.013959368
1950-06,-0.1162904,-0.30351782,0.07093703
1950-07,-0.12139744,-0.28060067,0.03780579
1950-08,-0.16753763,-0.37302035,0.03794508
1950-09,-0.2575728,-0.41237783,-0.10276777
1950-10,-0.21433103,-0.35211977,-0.07654229
1950-11,-0.39536238,-0.5026542,-0.28807056
1950-12,-0.26990637,-0.3848219,-0.15499082
1951-01,-0.3730249,-0.4780247,-0.26802516
1951-02,-0.5210606,-0.61575145,-0.42636973
1951-03,-0.27582434,-0.376964,-0.17468466
1951-04,-0.12049987,-0.25294954,0.0119498
1951-05,0.01955781,-0.16370168,0.2028173
1951-06,0.04966371,-0.12277487,0.2221023
1951-07,0.026798174,-0.13236734,0.18596369
1951-08,0.11070832,-0.09024991,0.31166655
1951-09,0.12119114,-0.03108103,0.2734633
1951-10,0.1160645,-0.01434031,0.2464693
1951-11,-0.0822425,-0.18858233,0.024097338
1951-12,0.066099,-0.03696259,0.1691606
1952-01,0.088901006,-0.016140098,0.1939421
1952-02,0.062034227,-0.037554406,0.16162285
1952-03,-0.16755393,-0.26435077,-0.070757076
1952-04,0.038563304,-0.1017253,0.17885192
1952-05,0.016832318,-0.16633983,0.20000446
1952-06,0.015272959,-0.17154531,0.20209123
1952-07,0.084065214,-0.084542125,0.25267255
1952-08,0.09411653,-0.114689715,0.3029228
1952-09,0.09025618,-0.07037231,0.25088468
1952-10,-0.021701682,-0.15566555,0.112262174
1952-11,-0.12981972,-0.2371761,-0.022463324
1952-12,-0.041257963,-0.14298408,0.06046815
1953-01,-0.009481655,-0.115927,0.096963696
1953-02,0.092715986,-0.006025693,0.19145766
1953-03,0.010100863,-0.089543074,0.1097448
1953-04,0.22457166,0.079004206,0.37013912
1953-05,0.1485824,-0.026739385,0.3239042
1953-06,0.14060082,-0.04375456,0.32495618
1953-07,0.042875353,-0.120946504,0.20669721
1953-08,0.08775201,-0.118700236,0.29420426
1953-09,0.087082855,-0.06947861,0.24364433
1953-10,0.08415312,-0.051298246,0.21960449
1953-11,-0.0065065175,-0.11942869,0.10641565
1953-12,0.021230971,-0.08475894,0.12722088
1954-01,-0.24383795,-0.33834678,-0.14932913
1954-02,-0.090500064,-0.18022138,-0.0007787458
1954-03,-0.18270025,-0.27403155,-0.09136894
1954-04,-0.11627275,-0.24249752,0.009952034
1954-05,-0.1709937,-0.3364381,-0.005549316
1954-06,-0.13182655,-0.3017575,0.038104407
1954-07,-0.19750206,-0.35100648,-0.043997634
1954-08,-0.10172095,-0.28116095,0.07771905
1954-09,-0.1145618,-0.26197448,0.032850873
1954-10,-0.012458718,-0.13279706,0.107879624
1954-11,0.11703094,0.018994695,0.21506718
1954-12,-0.16503163,-0.26314607,-0.06691717
1955-01,0.10743682,0.011665579,0.20320806
1955-02,-0.19313392,-0.27875903,-0.10750881
1955-03,-0.3986435,-0.48888528,-0.3084017
1955-04,-0.23075695,-0.36326003,-0.09825387
1955-05,-0.23812088,-0.40264523,-0.07359653
1955-06,-0.17912176,-0.3470507,-0.011192829
1955-07,-0.20958729,-0.3648021,-0.054372493
1955-08,-0.08957664,-0.279027,0.09987371
1955-09,-0.1438991,-0.27785614,-0.009942032
1955-10,-0.11588212,-0.23355977,0.0017955174
1955-11,-0.32515964,-0.42618474,-0.22413452
1955-12,-0.3677441,-0.45854744,-0.2769407
1956-01,-0.23874073,-0.3209109,-0.15657055
1956-02,-0.28779706,-0.36734056,-0.20825358
1956-03,-0.36208683,-0.44598523,-0.27818844
1956-04,-0.30881304,-0.4097596,-0.20786647
1956-05,-0.3357531,-0.45114592,-0.22036026
1956-06,-0.22907464,-0.3418827,-0.1162666
1956-07,-0.21012819,-0.32477963,-0.09547674
1956-08,-0.29088178,-0.43022656,-0.15153696
1956-09,-0.27417457,-0.39015538,-0.1581938
1956-10,-0.2644093,-0.35846865,-0.17034996
1956-11,-0.21971346,-0.30043328,-0.13899367
1956-12,-0.15804568,-0.23843053,-0.077660844
1957-01,-0.21867512,-0.29471573,-0.14263453
1957-02,-0.1591183,-0.23642942,-0.081807174
1957-03,-0.19854978,-0.2727705,-0.12432905
1957-04,-0.040503476,-0.12336109,0.042354137
1957-05,0.033637576,-0.051917013,0.11919217
1957-06,0.06498408,-0.02952164,0.15948981
1957-07,-0.06165202,-0.16364104,0.040336996
1957-08,0.07240853,-0.025093844,0.16991091
1957-09,0.04057059,-0.049281046,0.13042222
1957-10,-0.00016871607,-0.07990562,0.07956819
1957-11,-0.004293654,-0.0880369,0.079449594
1957-12,0.05235917,-0.021400444,0.1261188
1958-01,0.25787136,0.19039737,0.3253453
1958-02,0.09133103,0.019948656,0.1627134
1958-03,0.0060634757,-0.06403597,0.07616292
1958-04,-0.06798845,-0.14175929,0.0057823933
1958-05,0.01650016,-0.067491695,0.100492015
1958-06,-0.1536078,-0.24367474,-0.06354085
1958-07,-0.018375644,-0.11911195,0.08236066
1958-08,-0.08171818,-0.17879337,0.01535702
1958-09,-0.111651435,-0.20127535,-0.02202752
1958-10,-0.016835088,-0.10548285,0.07181267
1958-11,-0.03734682,-0.1093108,0.034617156
1958-12,-0.081942834,-0.15407985,-0.009805816
1959-01,0.015283068,-0.054905992,0.08547213
1959-02,-0.007371678,-0.07979281,0.06504946
1959-03,0.018143501,-0.058898516,0.09518552
1959-04,0.02855976,-0.05017574,0.10729526
1959-05,-0.038834758,-0.12721781,0.049548287
1959-06,-0.00085770286,-0.09793175,0.09621634
1959-07,-0.04000526,-0.1404926,0.060482077
1959-08,-0.038377,-0.1269439,0.050189905
1959-09,-0.13988893,-0.22840494,-0.05137292
1959-10,-0.07035952,-0.15258364,0.011864598
1959-11,-0.18299846,-0.2594634,-0.10653352
1959-12,-0.101615734,-0.16869874,-0.034532722
1960-01,-0.11280805,-0.17385396,-0.051762134
1960-02,0.023852468,-0.034350168,0.0820551
1960-03,-0.4439794,-0.5052505,-0.3827083
1960-04,-0.26108533,-0.33159733,-0.19057333
1960-05,-0.17648228,-0.25380677,-0.09915779
1960-06,-0.12366712,-0.20964104,-0.037693202
1960-07,-0.11077627,-0.20089607,-0.020656465
1960-08,-0.0013532831,-0.08845167,0.0857451
1960-09,0.004837685,-0.07619058,0.08586596
1960-10,-0.029017955,-0.106711425,0.048675515
1960-11,-0.21354827,-0.27746448,-0.14963207
1960-12,0.083580986,0.0248973,0.14226468
1961-01,-0.04635575,-0.10200944,0.009297937
1961-02,0.096705556,0.042371828,0.15103929
1961-03,-0.055172652,-0.112949684,0.0026043865
1961-04,0.06639144,-0.000952935,0.1337358
1961-05,0.073675886,-0.00033953972,0.14769131
1961-06,0.09197989,0.009850531,0.17410925
1961-07,-0.032639332,-0.11898751,0.053708848
1961-08,-0.008431585,-0.08430732,0.06744415
1961-09,-0.024969703,-0.10253796,0.05259856
1961-10,-0.05986275,-0.12007427,0.00034876794
1961-11,-0.026532466,-0.08262929,0.029564358
1961-12,-0.2475997,-0.303267,-0.19193238
1962-01,-0.05151344,-0.10776118,0.004734297
1962-02,0.0194362,-0.035759322,0.07463172
1962-03,0.024368165,-0.03040042,0.07913675
1962-04,-0.017083768,-0.08850373,0.0543362
1962-05,-0.17464149,-0.2522135,-0.097069465
1962-06,-0.051164575,-0.13769856,0.03536942
1962-07,-0.10579,-0.20207377,-0.009506227
1962-08,-0.106195755,-0.19161864,-0.020772878
1962-09,-0.06979703,-0.14441863,0.004824564
1962-10,-0.03567457,-0.11002502,0.03867588
1962-11,-0.015679093,-0.076763965,0.04540578
1962-12,-0.1222971,-0.183766,-0.060828194
1963-01,-0.11383734,-0.16556482,-0.06210986
1963-02,0.04454994,-0.009157391,0.09825727
1963-03,-0.33684492,-0.39451265,-0.27917722
1963-04,-0.17461775,-0.23867907,-0.11055642
1963-05,-0.1422222,-0.21643293,-0.06801147
1963-06,-0.06254856,-0.14458157,0.019484455
1963-07,0.06544909,-0.025661359,0.15655953
1963-08,0.1517052,0.06482277,0.23858762
1963-09,0.12742086,0.0472239,0.2076178
1963-10,0.06973716,-0.002240954,0.14171527
1963-11,0.05098216,-0.013725772,0.11569009
1963-12,-0.056607757,-0.113532014,0.0003165029
1964-01,-0.18663408,-0.24073769,-0.13253045
1964-02,-0.219652,-0.27101192,-0.16829208
1964-03,-0.37943095,-0.43489397,-0.32396796
1964-04,-0.43777615,-0.5001221,-0.3754302
1964-05,-0.37004596,-0.4376197,-0.30247226
1964-06,-0.1657647,-0.23659766,-0.09493177
1964-07,-0.19717492,-0.2717066,-0.122643225
1964-08,-0.29605675,-0.36990082,-0.22221266
1964-09,-0.40020818,-0.4662267,-0.33418962
1964-10,-0.30882215,-0.3734744,-0.24416989
1964-11,-0.29469582,-0.35099804,-0.23839362
1964-12,-0.3691682,-0.4196962,-0.3186402
1965-01,-0.159235,-0.21375011,-0.10471989
1965-02,-0.2624241,-0.3196963,-0.2051519
1965-03,-0.25670525,-0.31279656,-0.20061398
1965-04,-0.29785508,-0.35998973,-0.23572044
1965-05,-0.18796317,-0.2590623,-0.11686404
1965-06,-0.20483285,-0.28297567,-0.12669002
1965-07,-0.26492155,-0.34776515,-0.18207791
1965-08,-0.15913042,-0.23477796,-0.083482884
1965-09,-0.24430783,-0.3196412,-0.16897446
1965-10,-0.103734106,-0.17118832,-0.036279883
1965-11,-0.14268802,-0.2033443,-0.08203174
1965-12,-0.14378089,-0.20175666,-0.08580513
1966-01,-0.2808778,-0.33320484,-0.22855079
1966-02,-0.16212367,-0.21653242,-0.10771492
1966-03,-0.16978277,-0.224803,-0.11476252
1966-04,-0.1690143,-0.22932616,-0.10870245
1966-05,-0.21472336,-0.2784729,-0.15097383
1966-06,-0.1012937,-0.17877032,-0.023817077
1966-07,0.005452871,-0.08010773,0.091013476
1966-08,-0.09650318,-0.18128113,-0.011725234
1966-09,-0.08231128,-0.15601262,-0.0086099375
1966-10,-0.23140763,-0.2936525,-0.16916274
1966-11,-0.10416578,-0.15925382,-0.049077738
1966-12,-0.13761355,-0.19393808,-0.08128902
1967-01,-0.2173265,-0.2670117,-0.16764134
1967-02,-0.3251586,-0.3793858,-0.2709314
1967-03,-0.09407949,-0.14510427,-0.043054692
1967-04,-0.13158979,-0.19037424,-0.07280531
1967-05,0.061395533,-0.0003056474,0.12309671
1967-06,-0.108060315,-0.18281776,-0.033302877
1967-07,-0.06674149,-0.14846773,0.014984768
1967-08,-0.09757048,-0.17092144,-0.02421952
1967-09,-0.12203266,-0.19440763,-0.049657688
1967-10,-0.017310103,-0.08450029,0.049880087
1967-11,-0.11874013,-0.16967365,-0.067806594
1967-12,-0.15127681,-0.1973794,-0.10517422
1968-01,-0.31816864,-0.36522138,-0.2711159
1968-02,-0.26143587,-0.31438106,-0.20849067
1968-03,0.0013748893,-0.048040364,0.050790142
1968-04,-0.17663465,-0.2301198,-0.12314949
1968-05,-0.22178532,-0.2835508,-0.16001986
1968-06,-0.14835933,-0.22357538,-0.073143266
1968-07,-0.19193594,-0.27150053,-0.112371355
1968-08,-0.12428071,-0.20490365,-0.043657787
1968-09,-0.22119264,-0.29353365,-0.14885162
1968-10,0.012375091,-0.05760927,0.082359456
1968-11,-0.1306103,-0.18560708,-0.07561355
1968-12,-0.18690734,-0.23893037,-0.1348843
1969-01,-0.15826304,-0.2032507,-0.11327539
1969-02,-0.19294651,-0.2396271,-0.14626594
1969-03,-0.12944362,-0.17852671,-0.080360524
1969-04,0.05125407,0.0027452412,0.099762894
1969-05,0.06674557,0.009728501,0.12376264
1969-06,0.009539859,-0.05888709,0.07796681
1969-07,-0.10438616,-0.17135702,-0.0374153
1969-08,-0.06769555,-0.14056613,0.0051750317
1969-09,-0.008707715,-0.06802233,0.050606903
1969-10,0.003719503,-0.058364954,0.06580396
1969-11,0.025700565,-0.025541173,0.0769423
1969-12,0.1709391,0.12566587,0.21621235
1970-01,0.014872325,-0.023249758,0.052994408
1970-02,0.06424315,0.019365385,0.10912092
1970-03,-0.08874855,-0.12991868,-0.047578428
1970-04,-0.07775901,-0.123267524,-0.032250497
1970-05,-0.14057353,-0.19466902,-0.08647805
1970-06,-0.13640197,-0.20240746,-0.07039646
1970-07,-0.10959522,-0.18489896,-0.034291465
1970-08,-0.19705239,-0.27298912,-0.121115655
1970-09,-0.029022845,-0.09636453,0.03831884
1970-10,-0.05903375,-0.12621011,0.008142606
1970-11,-0.058711983,-0.107948616,-0.00947535
1970-12,-0.19040346,-0.23308955,-0.14771737
1971-01,-0.1412453,-0.1822596,-0.100231
1971-02,-0.27191496,-0.315065,-0.2287649
1971-03,-0.33681545,-0.38351527,-0.29011562
1971-04,-0.23175071,-0.28148305,-0.18201835
1971-05,-0.19585785,-0.26424763,-0.12746806
1971-06,-0.25800508,-0.32483298,-0.19117719
1971-07,-0.18224245,-0.2534338,-0.1110511
1971-08,-0.17893139,-0.25701523,-0.10084754
1971-09,-0.122301966,-0.19645114,-0.048152797
1971-10,-0.15378936,-0.2047627,-0.10281602
1971-11,-0.14912635,-0.197908,-0.10034471
1971-12,-0.22699708,-0.26836923,-0.18562493
1972-01,-0.37525278,-0.4148672,-0.3356384
1972-02,-0.27612054,-0.3174253,-0.23481576
1972-03,-0.13954455,-0.18267487,-0.096414216
1972-04,-0.12514822,-0.17400558,-0.07629085
1972-05,-0.07922414,-0.14521751,-0.013230768
1972-06,-0.029658787,-0.09824176,0.038924187
1972-07,-0.088917576,-0.16496803,-0.01286713
1972-08,0.066713534,-0.013223522,0.1466506
1972-09,-0.04894208,-0.115869135,0.017984975
1972-10,-0.05213806,-0.106078394,0.0018022709
1972-11,-0.047712818,-0.09511214,-0.0003134969
1972-12,0.11380298,0.07163018,0.15597577
1973-01,0.103777416,0.059767332,0.1477875
1973-02,0.16177925,0.12151836,0.20204017
1973-03,0.11890244,0.071591556,0.16621332
1973-04,0.19584565,0.14513566,0.24655566
1973-05,0.11073905,0.04487239,0.17660572
1973-06,0.1066091,0.046020888,0.1671973
1973-07,0.020443445,-0.046309028,0.08719592
1973-08,-0.021432456,-0.095187955,0.052323043
1973-09,-0.031953212,-0.10654705,0.04264063
1973-10,0.014868532,-0.0446511,0.07438816
1973-11,-0.022962801,-0.06985694,0.023931343
1973-12,-0.12689552,-0.16821638,-0.08557465
1974-01,-0.28131658,-0.3215078,-0.24112533
1974-02,-0.4434101,-0.4874455,-0.3993747
1974-03,-0.23615961,-0.27917343,-0.19314581
1974-04,-0.19784877,-0.2472006,-0.14849693
1974-05,-0.12763573,-0.18941109,-0.06586037
1974-06,-0.112407885,-0.18176322,-0.043052554
1974-07,-0.13156419,-0.2036526,-0.059475772
1974-08,0.027360272,-0.051035017,0.10575556
1974-09,-0.08715109,-0.16279231,-0.011509869
1974-10,-0.10778122,-0.16895595,-0.046606477
1974-11,-0.11919313,-0.17047684,-0.06790942
1974-12,-0.207086,-0.24616717,-0.16800484
1975-01,-0.09040021,-0.13124268,-0.049557757
1975-02,-0.018196227,-0.0589462,0.022553748
1975-03,-0.0054699783,-0.048999455,0.0380595
1975-04,-0.045102794,-0.09055699,0.00035139782
1975-05,0.05714347,-0.0028805905,0.117167525
1975-06,-0.055779707,-0.12627795,0.014718543
1975-07,-0.10013226,-0.18014003,-0.020124478
1975-08,-0.22818181,-0.30299687,-0.15336673
1975-09,-0.13540527,-0.20639881,-0.06441172
1975-10,-0.14757259,-0.21562597,-0.07951921
1975-11,-0.25718805,-0.30568546,-0.20869063
1975-12,-0.24539836,-0.28850162,-0.2022951
1976-01,-0.16464537,-0.2103089,-0.11898185
1976-02,-0.2256837,-0.27266,-0.17870742
1976-03,-0.33242023,-0.37997448,-0.28486598
1976-04,-0.17992486,-0.2336343,-0.12621544
1976-05,-0.35492992,-0.41843817,-0.29142168
1976-06,-0.23106994,-0.30144966,-0.16069022
1976-07,-0.16832915,-0.25101724,-0.08564105
1976-08,-0.23769006,-0.31796187,-0.15741824
1976-09,-0.14836323,-0.22083716,-0.07588929
1976-10,-0.32972777,-0.39468923,-0.2647663
1976-11,-0.13153431,-0.1860399,-0.07702872
1976-12,-0.025347166,-0.0767147,0.026020374
1977-01,0.15539843,0.109720856,0.20107602
1977-02,0.10886311,0.060297243,0.15742896
1977-03,0.07974397,0.028003754,0.13148418
1977-04,0.13561848,0.083334915,0.18790203
1977-05,0.22808315,0.16425607,0.29191023
1977-06,0.21037017,0.14215049,0.27858984
1977-07,0.14305487,0.063012026,0.22309773
1977-08,0.13268618,0.053798206,0.21157414
1977-09,-0.0005668915,-0.076166995,0.07503321
1977-10,-0.015031992,-0.08364186,0.05357787
1977-11,0.121903054,0.07017388,0.17363222
1977-12,-0.03897608,-0.08765509,0.00970293
1978-01,0.03720004,-0.0050961026,0.07949618
1978-02,0.074672915,0.030242782,0.11910304
1978-03,0.05966536,0.013297825,0.10603289
1978-04,0.053127714,-0.0007853727,0.1070408
1978-05,0.014391424,-0.049343728,0.07812658
1978-06,-0.0535179,-0.12345251,0.016416708
1978-07,0.015332872,-0.05778852,0.08845427
1978-08,-0.21700384,-0.294745,-0.13926266
1978-09,0.036743633,-0.04056901,0.11405628
1978-10,-0.05963638,-0.12746401,0.008191245
1978-11,0.09374198,0.0412247,0.14625928
1978-12,0.011339459,-0.03175513,0.05443405
1979-01,0.04814375,0.01079848,0.08548901
1979-02,-0.1811599,-0.21813986,-0.14417994
1979-03,0.063079506,0.026937122,0.09922189
1979-04,0.07374967,0.03410068,0.11339865
1979-05,-0.025755826,-0.071144655,0.019633
1979-06,0.046210896,0.00034728096,0.092074506
1979-07,0.016295154,-0.033631697,0.066222005
1979-08,0.11369138,0.05007803,0.17730473
1979-09,0.17075953,0.11078046,0.23073858
1979-10,0.14282621,0.09447921,0.19117323
1979-11,0.20505442,0.16315694,0.24695188
1979-12,0.38435203,0.3503379,0.41836616
1980-01,0.24861458,0.21108626,0.2861429
1980-02,0.35473523,0.3175345,0.39193597
1980-03,0.21000946,0.17239094,0.24762797
1980-04,0.23045401,0.18917695,0.27173108
1980-05,0.2424358,0.1971859,0.2876857
1980-06,0.1261058,0.07577548,0.17643613
1980-07,0.20206909,0.1514483,0.2526899
1980-08,0.16127785,0.10335169,0.219204
1980-09,0.12191452,0.05908109,0.18474795
1980-10,0.09061974,0.03808244,0.14315705
1980-11,0.20343544,0.15541643,0.2514544
1980-12,0.106597304,0.0666434,0.14655122
1981-01,0.44203696,0.3955522,0.48852172
1981-02,0.33655667,0.30232543,0.3707879
1981-03,0.32589453,0.28691366,0.36487538
1981-04,0.19346966,0.1496625,0.2372768
1981-05,0.14246961,0.09748723,0.187452
1981-06,0.24046272,0.18654786,0.2943776
1981-07,0.26606837,0.2026578,0.32947892
1981-08,0.30667168,0.2451503,0.36819303
1981-09,0.13682197,0.07911247,0.19453149
1981-10,0.05150354,0.0012903583,0.10171672
1981-11,0.15922348,0.11595541,0.20249155
1981-12,0.36241972,0.31806663,0.40677282
1982-01,-0.0334629,-0.083719596,0.016793793
1982-02,0.062530436,0.017420085,0.10764079
1982-03,-0.14027035,-0.18840966,-0.09213105
1982-04,0.019516269,-0.029876629,0.06890917
1982-05,0.08710359,0.027274402,0.14693278
1982-06,-0.003817752,-0.06877236,0.061136857
1982-07,0.073493905,0.0031003896,0.14388743
1982-08,-0.048078176,-0.122397,0.026240643
1982-09,0.011959941,-0.05574324,0.07966312
1982-10,0.038742624,-0.02236032,0.099845566
1982-11,0.027394824,-0.021926539,0.076716185
1982-12,0.27649266,0.22914438,0.3238409
1983-01,0.35756493,0.315734,0.39939582
1983-02,0.33261734,0.2861842,0.37905046
1983-03,0.24534746,0.20287102,0.2878239
1983-04,0.17347585,0.12595454,0.22099714
1983-05,0.21937236,0.16425873,0.27448598
1983-06,0.16310692,0.10332656,0.22288729
1983-07,0.11022931,0.049096473,0.17136215
1983-08,0.28008944,0.21376677,0.3464121
1983-09,0.32302758,0.2651407,0.38091445
1983-10,0.111498654,0.056770645,0.16622666
1983-11,0.2417792,0.19166954,0.29188883
1983-12,0.09204366,0.047062278,0.13702504
1984-01,0.15208378,0.10844187,0.19572568
1984-02,0.02364745,-0.019231612,0.06652651
1984-03,0.14437644,0.09708741,0.19166549
1984-04,0.009426299,-0.03485152,0.05370412
1984-05,0.21241368,0.16098653,0.26384082
1984-06,-0.039236266,-0.099413216,0.02094069
1984-07,0.021247564,-0.039995916,0.08249105
1984-08,0.09115781,0.027030079,0.15528555
1984-09,0.12354227,0.064000964,0.18308358
1984-10,0.036477182,-0.016521456,0.08947582
1984-11,-0.060670886,-0.105023615,-0.016318155
1984-12,-0.16201137,-0.2045572,-0.11946552
1985-01,0.1122303,0.06848184,0.15597877
1985-02,-0.1041846,-0.14830272,-0.06006648
1985-03,0.03811985,-0.007611294,0.083850995
1985-04,-0.0010148857,-0.047810335,0.045780562
1985-05,0.06207422,0.014098764,0.11004968
1985-06,0.118237734,0.068711445,0.16776402
1985-07,-0.026522132,-0.07848576,0.025441498
1985-08,0.13856536,0.0781353,0.19899543
1985-09,0.11488212,0.06105997,0.16870427
1985-10,0.0347409,-0.015511704,0.084993504
1985-11,0.012488222,-0.03418525,0.059161693
1985-12,0.052241497,0.013139186,0.091343805
1986-01,0.11331257,0.0692238,0.15740135
1986-02,0.30300084,0.26104322,0.34495845
1986-03,0.13119218,0.089006744,0.1733776
1986-04,0.12678848,0.08656702,0.16700995
1986-05,0.13788854,0.09506162,0.18071544
1986-06,0.037347052,-0.013083919,0.087778024
1986-07,0.038082104,-0.018440425,0.094604634
1986-08,0.08753751,0.028651046,0.14642398
1986-09,0.020731853,-0.033412494,0.074876204
1986-10,0.049807582,0.0011871697,0.098427996
1986-11,0.036404632,-0.0066760327,0.0794853
1986-12,0.025758738,-0.018921783,0.07043926
1987-01,0.2128771,0.17159043,0.25416377
1987-02,0.3132464,0.2717941,0.3546987
1987-03,0.098497,0.057358332,0.13963568
1987-04,0.1847574,0.14009865,0.22941616
1987-05,0.16183253,0.114904515,0.20876054
1987-06,0.2603819,0.20960432,0.31115952
1987-07,0.34276047,0.2947347,0.3907863
1987-08,0.20758079,0.1514912,0.26367038
1987-09,0.25948873,0.20921886,0.30975863
1987-10,0.267143,0.2199557,0.3143303
1987-11,0.18341237,0.13977031,0.22705445
1987-12,0.36644226,0.32907844,0.40380612
1988-01,0.45299137,0.41248688,0.49349585
1988-02,0.32688826,0.28320366,0.37057284
1988-03,0.38051322,0.33833808,0.42268836
1988-04,0.32160777,0.2752283,0.36798725
1988-05,0.31420523,0.2610712,0.36733928
1988-06,0.3294028,0.27459955,0.38420606
1988-07,0.25177196,0.19694695,0.306597
1988-08,0.2540888,0.19042762,0.31774998
1988-09,0.25307325,0.19171292,0.31443357
1988-10,0.2517792,0.20024428,0.3033141
1988-11,0.023861293,-0.025834104,0.07355669
1988-12,0.17115934,0.12571958,0.21659909
1989-01,-0.030971002,-0.0764216,0.014479602
1989-02,0.23365676,0.1923396,0.27497393
1989-03,0.18142062,0.13850516,0.22433609
1989-04,0.144791,0.09696001,0.192622
1989-05,0.03378454,-0.018671019,0.08624009
1989-06,0.09265635,0.038502496,0.1468102
1989-07,0.25863385,0.19826877,0.31899893
1989-08,0.25041172,0.18387993,0.3169435
1989-09,0.29282442,0.22608455,0.35956427
1989-10,0.25445223,0.19714357,0.3117609
1989-11,0.10858728,0.05531892,0.16185564
1989-12,0.2785069,0.22950444,0.32750937
1990-01,0.280044,0.23135671,0.32873127
1990-02,0.27336293,0.22636238,0.32036346
1990-03,0.62843674,0.5813697,0.6755038
1990-04,0.4895511,0.44268924,0.53641295
1990-05,0.40073684,0.35085317,0.4506205
1990-06,0.31067768,0.25934717,0.36200818
1990-07,0.37419075,0.31569508,0.43268642
1990-08,0.27436608,0.20732048,0.34141168
1990-09,0.21335655,0.15535578,0.27135736
1990-10,0.3798145,0.32244995,0.43717903
1990-11,0.3525397,0.302645,0.40243438
1990-12,0.28344208,0.24078034,0.32610384
1991-01,0.29658547,0.25239947,0.3407715
1991-02,0.39968774,0.35258704,0.4467884
1991-03,0.24082075,0.19562472,0.2860168
1991-04,0.43238005,0.38062587,0.48413423
1991-05,0.30784386,0.26059613,0.35509157
1991-06,0.4286209,0.37750334,0.47973844
1991-07,0.4632974,0.40882653,0.51776826
1991-08,0.3614778,0.29853016,0.4244254
1991-09,0.34734884,0.28865555,0.40604213
1991-10,0.24506222,0.19164857,0.29847586
1991-11,0.24924882,0.20153402,0.29696363
1991-12,0.23334147,0.18801428,0.27866867
1992-01,0.35674998,0.31679025,0.39670974
1992-02,0.34311324,0.2999092,0.38631728
1992-03,0.30520406,0.2600855,0.35032263
1992-04,0.15563804,0.10932367,0.20195243
1992-05,0.16402274,0.113818035,0.21422745
1992-06,0.15215196,0.09410689,0.21019702
1992-07,0.0029708138,-0.05976347,0.0657051
1992-08,0.0349022,-0.04305336,0.11285776
1992-09,-0.09570904,-0.16639848,-0.025019608
1992-10,-0.028791253,-0.08270457,0.02512206
1992-11,-0.040257417,-0.09058002,0.0100651905
1992-12,0.090317644,0.046589047,0.13404624
1993-01,0.25701955,0.21558592,0.29845315
1993-02,0.27421963,0.22888982,0.31954944
1993-03,0.23302178,0.18380243,0.28224114
1993-04,0.19141078,0.14038445,0.24243711
1993-05,0.19120614,0.12816311,0.2542492
1993-06,0.16080548,0.09628941,0.22532155
1993-07,0.15566646,0.08959597,0.22173694
1993-08,0.07832203,0.005931094,0.15071297
1993-09,0.04075761,-0.032542568,0.11405779
1993-10,0.14755535,0.08674923,0.20836148
1993-11,0.060361587,0.0072214464,0.11350173
1993-12,0.14274992,0.09376506,0.19173478
1994-01,0.19215903,0.1453085,0.23900954
1994-02,0.0023926098,-0.048700307,0.053485528
1994-03,0.2336412,0.18799827,0.27928415
1994-04,0.24596804,0.19184405,0.30009204
1994-05,0.19835669,0.13911074,0.25760263
1994-06,0.31199977,0.24967594,0.3743236
1994-07,0.17738077,0.114170484,0.24059105
1994-08,0.1678766,0.10014709,0.2356061
1994-09,0.2650747,0.2072603,0.3228891
1994-10,0.34181175,0.2950595,0.388564
1994-11,0.3497045,0.30363104,0.39577797
1994-12,0.24291748,0.19894336,0.28689158
1995-01,0.4110714,0.36626437,0.4558784
1995-02,0.6331949,0.5884705,0.6779193
1995-03,0.35091624,0.3066984,0.3951341
1995-04,0.4159058,0.37055758,0.461254
1995-05,0.2585347,0.20848049,0.3085889
1995-06,0.37477672,0.32177073,0.4277827
1995-07,0.43741086,0.37960827,0.49521342
1995-08,0.3867608,0.3248759,0.4486457
1995-09,0.2746217,0.21574982,0.3334936
1995-10,0.3762129,0.32818794,0.42423782
1995-11,0.3672026,0.3192295,0.4151757
1995-12,0.16698353,0.12310053,0.21086653
1996-01,0.20947163,0.1674995,0.25144377
1996-02,0.45390844,0.41346672,0.49435017
1996-03,0.27732104,0.23537272,0.31926936
1996-04,0.24258737,0.19672866,0.2884461
1996-05,0.23362954,0.1823378,0.28492126
1996-06,0.21319726,0.15984617,0.26654837
1996-07,0.32244933,0.26812705,0.37677163
1996-08,0.35113847,0.28467867,0.41759825
1996-09,0.2008028,0.13617463,0.265431
1996-10,0.12212212,0.06890084,0.1753434
1996-11,0.30815268,0.2587164,0.35758898
1996-12,0.31529328,0.27308697,0.3574996
1997-01,0.24198909,0.19498223,0.28899595
1997-02,0.28807417,0.24440025,0.33174807
1997-03,0.38716474,0.34329045,0.43103904
1997-04,0.36691627,0.3214182,0.41241434
1997-05,0.3102904,0.2593738,0.36120695
1997-06,0.48624817,0.43305516,0.53944117
1997-07,0.3426114,0.28500313,0.40021968
1997-08,0.403565,0.3422525,0.4648775
1997-09,0.46278346,0.40660945,0.51895744
1997-10,0.5664462,0.5210216,0.6118707
1997-11,0.6074866,0.5631967,0.6517765
1997-12,0.5172805,0.47529197,0.559269
1998-01,0.55728173,0.5158456,0.59871787
1998-02,0.7910442,0.74840236,0.83368593
1998-03,0.5804441,0.53680086,0.62408733
1998-04,0.6424939,0.59747446,0.68751335
1998-05,0.6316857,0.5818585,0.68151283
1998-06,0.66268194,0.6075748,0.7177891
1998-07,0.655401,0.59506595,0.71573603
1998-08,0.6472106,0.5815326,0.71288854
1998-09,0.4298964,0.3718644,0.48792845
1998-10,0.4102187,0.35393813,0.46649924
1998-11,0.3752962,0.3273065,0.4232859
1998-12,0.47987705,0.43964761,0.5201065
1999-01,0.3816996,0.33726022,0.42613894
1999-02,0.59453607,0.5473774,0.6416947
1999-03,0.25009823,0.2067741,0.29342234
1999-04,0.26248398,0.21596058,0.30900738
1999-05,0.24096714,0.1925461,0.2893882
1999-06,0.3194032,0.26162437,0.37718207
1999-07,0.30677584,0.24868254,0.3648691
1999-08,0.2986491,0.23182443,0.36547375
1999-09,0.27118403,0.21016204,0.33220598
1999-10,0.30264258,0.2506151,0.35467008
1999-11,0.27889413,0.2303814,0.32740685
1999-12,0.30911982,0.2695034,0.3487362
2000-01,0.1730085,0.13263278,0.21338424
2000-02,0.48922408,0.4462869,0.5321613
2000-03,0.43716556,0.39431438,0.48001677
2000-04,0.52741283,0.47987157,0.57495415
2000-05,0.29871225,0.24912253,0.34830198
2000-06,0.34490946,0.29457027,0.39524868
2000-07,0.3254312,0.26603752,0.38482484
2000-08,0.37409568,0.31039447,0.43779686
2000-09,0.30793494,0.2388206,0.3770493
2000-10,0.19011797,0.13436554,0.24587041
2000-11,0.24096185,0.19177744,0.29014626
2000-12,0.19713148,0.1553763,0.23888665
2001-01,0.3569443,0.3119404,0.40194818
2001-02,0.38460863,0.3435263,0.42569095
2001-03,0.5119669,0.46491414,0.5590196
2001-04,0.44388664,0.39604965,0.49172363
2001-05,0.4828485,0.4241449,0.5415521
2001-06,0.44262147,0.3902841,0.49495885
2001-07,0.50700694,0.4464485,0.5675654
2001-08,0.49940884,0.43309742,0.56572026
2001-09,0.4892433,0.4248986,0.553588
2001-10,0.46119478,0.40719658,0.515193
2001-11,0.6860655,0.6357719,0.7363591
2001-12,0.53560954,0.49022615,0.58099294
2002-01,0.64008385,0.5978761,0.6822916
2002-02,0.6341328,0.5925935,0.67567205
2002-03,0.78657645,0.7460487,0.8271043
2002-04,0.55723935,0.51676893,0.5977097
2002-05,0.49717405,0.44455153,0.5497966
2002-06,0.44335693,0.3945938,0.49212006
2002-07,0.5668847,0.5119204,0.62184894
2002-08,0.4958394,0.42796013,0.5637186
2002-09,0.49875727,0.44003126,0.5574833
2002-10,0.49666405,0.4496657,0.5436624
2002-11,0.48778853,0.4435006,0.5320764
2002-12,0.34140956,0.3036267,0.3791924
2003-01,0.6511286,0.6082712,0.69398594
2003-02,0.48069787,0.44051385,0.5208819
2003-03,0.4737792,0.42928237,0.518276
2003-04,0.46474713,0.41943237,0.5100619
2003-05,0.5141707,0.46814314,0.5601983
2003-06,0.41962895,0.37263754,0.46662033
2003-07,0.48138723,0.42808086,0.5346936
2003-08,0.61090505,0.54909265,0.6727174
2003-09,0.5693167,0.5065187,0.6321146
2003-10,0.65289444,0.5988519,0.7069369
2003-11,0.48996416,0.44631875,0.5336096
2003-12,0.6507338,0.6086617,0.69280595
2004-01,0.50079334,0.46122557,0.54036117
2004-02,0.62853736,0.58757347,0.66950125
2004-03,0.5184426,0.47537124,0.56151384
2004-04,0.51552314,0.47164324,0.55940306
2004-05,0.3473411,0.29654908,0.39813307
2004-06,0.30848694,0.2566096,0.36036432
2004-07,0.2363415,0.18165752,0.2910255
2004-08,0.4592412,0.39310724,0.5253752
2004-09,0.46063465,0.3980495,0.5232198
2004-10,0.517362,0.46871912,0.5660048
2004-11,0.64621204,0.6053444,0.6870797
2004-12,0.41018593,0.37030303,0.45006886
2005-01,0.642608,0.602617,0.68259895
2005-02,0.5272139,0.48484212,0.5695856
2005-03,0.63975716,0.59813505,0.68137926
2005-04,0.6256123,0.5826707,0.6685539
2005-05,0.54950297,0.5031058,0.5959001
2005-06,0.5670723,0.5186889,0.61545557
2005-07,0.55311126,0.49856594,0.6076566
2005-08,0.58182484,0.5226669,0.6409828
2005-09,0.6307081,0.57299036,0.6884258
2005-10,0.6800288,0.6292908,0.7307668
2005-11,0.63569015,0.59346,0.67792034
2005-12,0.5945577,0.5549968,0.6341187
2006-01,0.49429783,0.4534502,0.53514546
2006-02,0.6356281,0.59732115,0.6739351
2006-03,0.5312651,0.4888323,0.57369787
2006-04,0.47580233,0.4353591,0.51624554
2006-05,0.4637566,0.4201714,0.5073418
2006-06,0.56983924,0.51740813,0.6222704
2006-07,0.4757867,0.4233567,0.52821666
2006-08,0.6308538,0.5730398,0.6886677
2006-09,0.54495335,0.48524824,0.6046585
2006-10,0.609452,0.5616129,0.6572912
2006-11,0.65476,0.61442024,0.69509983
2006-12,0.7094977,0.66919404,0.7498013
2007-01,0.88863593,0.85065436,0.92661756
2007-02,0.6300248,0.5895041,0.6705455
2007-03,0.5826554,0.54109496,0.62421584
2007-04,0.7175149,0.67603415,0.7589956
2007-05,0.5720361,0.5261292,0.617943
2007-06,0.49677128,0.45297343,0.5405691
2007-07,0.5594419,0.5090186,0.60986525
2007-08,0.57933515,0.52318794,0.63548243
2007-09,0.5063603,0.4475527,0.5651679
2007-10,0.55341154,0.50179166,0.6050314
2007-11,0.52830535,0.48806146,0.5685493
2007-12,0.41167715,0.37071687,0.45263743
2008-01,0.20360349,0.16629273,0.24091426
2008-02,0.26035023,0.21895884,0.3017416
2008-03,0.6033574,0.56051373,0.646201
2008-04,0.44062537,0.39880937,0.48244134
2008-05,0.42777696,0.3841664,0.4713875
2008-06,0.37749237,0.3253225,0.42966223
2008-07,0.5309064,0.47495842,0.5868543
2008-08,0.45174506,0.38555348,0.51793665
2008-09,0.54513425,0.4826963,0.6075722
2008-10,0.5895494,0.5438014,0.6352975
2008-11,0.6174672,0.5748736,0.6600608
2008-12,0.4622681,0.42134437,0.5031919
2009-01,0.5804605,0.5428095,0.61811143
2009-02,0.45728397,0.42078307,0.49378487
2009-03,0.4391927,0.39915672,0.47922873
2009-04,0.52070826,0.4806082,0.5608083
2009-05,0.5476228,0.5042868,0.5909588
2009-06,0.62048054,0.57114005,0.669821
2009-07,0.67611057,0.6218149,0.7304063
2009-08,0.6188574,0.56125593,0.6764588
2009-09,0.67671627,0.6234931,0.7299395
2009-10,0.6174343,0.5697861,0.6650826
2009-11,0.69351435,0.6498811,0.7371475
2009-12,0.6317102,0.58842796,0.6749924
2010-01,0.7062965,0.6687173,0.7438756
2010-02,0.7791074,0.73830575,0.81990904
2010-03,0.85140246,0.81183827,0.89096665
2010-04,0.8191074,0.7773851,0.8608297
2010-05,0.7077413,0.66346353,0.7520191
2010-06,0.64300805,0.59590465,0.6901115
2010-07,0.61116266,0.55733013,0.6649952
2010-08,0.6089111,0.5486804,0.6691418
2010-09,0.5601859,0.50685555,0.6135163
2010-10,0.6385869,0.5943202,0.6828536
2010-11,0.7283444,0.6840105,0.7726783
2010-12,0.42991576,0.39193332,0.4678982
2011-01,0.45194185,0.41064546,0.49323827
2011-02,0.4231247,0.38609898,0.46015042
2011-03,0.54888946,0.5066846,0.5910944
2011-04,0.5910206,0.54861575,0.6334255
2011-05,0.43807426,0.39781556,0.47833297
2011-06,0.54148525,0.49543107,0.58753943
2011-07,0.63934773,0.58581364,0.6928819
2011-08,0.65079045,0.59586805,0.70571285
2011-09,0.5358321,0.48555398,0.58611023
2011-10,0.57430154,0.5291363,0.6194667
2011-11,0.5068129,0.46338814,0.55023754
2011-12,0.48978385,0.44719645,0.5323712
2012-01,0.36472008,0.32502732,0.40441287
2012-02,0.45565945,0.4088429,0.502476
2012-03,0.41596338,0.37530336,0.4566234
2012-04,0.60344976,0.56246144,0.6444381
2012-05,0.6515295,0.60450554,0.6985534
2012-06,0.62511885,0.57589114,0.67434657
2012-07,0.565905,0.5135618,0.61824816
2012-08,0.6451753,0.57508695,0.71526355
2012-09,0.63515013,0.5742929,0.6960074
2012-10,0.72388357,0.6720671,0.7757001
2012-11,0.71575254,0.67238873,0.75911635
2012-12,0.45583293,0.4157398,0.49592605
2013-01,0.6023924,0.5606386,0.64414614
2013-02,0.5188979,0.47804087,0.5597549
2013-03,0.5759768,0.53369725,0.6182564
2013-04,0.5657159,0.5168428,0.61458904
2013-05,0.5511463,0.49612504,0.60616755
2013-06,0.65639806,0.60083264,0.71196353
2013-07,0.5848219,0.5255712,0.64407253
2013-08,0.6361887,0.57076293,0.70161444
2013-09,0.7189991,0.66152996,0.7764682
2013-10,0.6478542,0.59480107,0.7009073
2013-11,0.7648822,0.7180329,0.81173146
2013-12,0.6004462,0.5549551,0.6459374
2014-01,0.6644925,0.6168378,0.7121472
2014-02,0.48310423,0.4415492,0.5246592
2014-03,0.68063176,0.63759947,0.7236641
2014-04,0.7296757,0.6831148,0.7762366
2014-05,0.7280316,0.68460464,0.7714585
2014-06,0.613844,0.5604384,0.66724956
2014-07,0.58130425,0.5278968,0.6347117
2014-08,0.7285824,0.66998774,0.7871771
2014-09,0.7607206,0.7076696,0.81377155
2014-10,0.73782265,0.68498266,0.7906626
2014-11,0.6285649,0.5852348,0.6718949
2014-12,0.6775346,0.6420404,0.71302885
2015-01,0.7321615,0.69114584,0.7731772
2015-02,0.77294207,0.73239595,0.8134881
2015-03,0.78735584,0.74050164,0.83421
2015-04,0.68427825,0.63677907,0.7317775
2015-05,0.72582626,0.68027043,0.7713821
2015-06,0.75182515,0.6995644,0.8040859
2015-07,0.70957303,0.65685433,0.7622917
2015-08,0.7993598,0.7369231,0.8617965
2015-09,0.8178825,0.76244575,0.87331927
2015-10,1.0136715,0.9627184,1.0646247
2015-11,0.9854569,0.9422701,1.0286436
2015-12,1.0350728,0.991404,1.0787416
2016-01,1.0793391,1.0400103,1.1186678
2016-02,1.2160529,1.1758054,1.2563003
2016-03,1.1763788,1.1354034,1.2173543
2016-04,1.0230471,0.98228854,1.0638056
2016-05,0.8734111,0.828753,0.9180692
2016-06,0.7690977,0.7234507,0.81474465
2016-07,0.7611742,0.71063507,0.81171334
2016-08,0.93965346,0.8850431,0.99426377
2016-09,0.8369077,0.7849789,0.8888364
2016-10,0.81167483,0.7603037,0.863046
2016-11,0.838984,0.797005,0.880963
2016-12,0.7721099,0.7321821,0.8120377
2017-01,0.94698364,0.9066285,0.98733884
2017-02,1.06224,1.023879,1.1006008
2017-03,1.0444211,1.0045172,1.084325
2017-04,0.83518696,0.79169244,0.8786815
2017-05,0.77547586,0.73124814,0.8197036
2017-06,0.6497448,0.601863,0.6976266
2017-07,0.7934789,0.73925316,0.84770465
2017-08,0.80190206,0.73998994,0.8638142
2017-09,0.72270304,0.67124695,0.77415913
2017-10,0.804107,0.7555103,0.8527038
2017-11,0.7947836,0.7514085,0.8381586
2017-12,0.8064542,0.7666201,0.8462883
2018-01,0.7073131,0.67201364,0.7426126
2018-02,0.77632046,0.7362204,0.81642044
2018-03,0.77567875,0.7360101,0.81534743
2018-04,0.81080973,0.76636285,0.85525656
2018-05,0.70138663,0.65825677,0.7445165
2018-06,0.72678655,0.6775027,0.7760704
2018-07,0.724247,0.66772056,0.7807734
2018-08,0.7335323,0.672357,0.79470754
2018-09,0.6765538,0.6240974,0.7290102
2018-10,0.8581914,0.8087607,0.9076221
2018-11,0.7319398,0.6898654,0.77401423
2018-12,0.8156231,0.7763616,0.8548846
2019-01,0.81320333,0.7716104,0.85479623
2019-02,0.8345083,0.7895068,0.87950975
2019-03,1.0769377,1.0339683,1.1199071
2019-04,0.9251246,0.88128304,0.9689661
2019-05,0.7765612,0.7302317,0.8228907
2019-06,0.80784696,0.75208396,0.86360997
2019-07,0.8514621,0.7950108,0.9079134
2019-08,0.83638346,0.7752163,0.8975507
2019-09,0.81338805,0.7555739,0.8712022
2019-10,0.9540598,0.9054449,1.0026747
2019-11,0.93300694,0.8903793,0.9756346
2019-12,1.0256363,0.98236245,1.0689101
2020-01,1.0581361,1.0161012,1.100171
2020-02,1.1096845,1.0698329,1.1495359
2020-03,1.0748293,1.0289078,1.1207509
2020-04,1.0499066,1.0044854,1.0953277
2020-05,0.8943686,0.8445071,0.9442301
2020-06,0.8112971,0.7461876,0.8764066
2020-07,0.8216897,0.7626542,0.88072526
2020-08,0.8095014,0.751099,0.8679039
2020-09,0.86662817,0.8090828,0.92417353
2020-10,0.7992961,0.7500834,0.8485088
2020-11,1.0072402,0.95854425,1.0559362
2020-12,0.6923482,0.64615285,0.7385435
2021-01,0.7069553,0.66026497,0.75364566
2021-02,0.5646604,0.5224143,0.6069064
2021-03,0.7373907,0.6884947,0.78628665
2021-04,0.7573432,0.7120934,0.8025929
2021-05,0.6981885,0.6489947,0.7473822
2021-06,0.7178367,0.6648009,0.7708725
2021-07,0.79101825,0.72779316,0.85424334
2021-08,0.8094147,0.7461577,0.8726716
2021-09,0.8746749,0.8199553,0.92939454
2021-10,0.9277659,0.8766851,0.9788468
2021-11,0.86438453,0.81320345,0.9155656
2021-12,0.7581195,0.71281105,0.803428
2022-01,0.78163755,0.7363042,0.8269709
2022-02,0.7527499,0.7043773,0.80112255
2022-03,0.88982594,0.8470396,0.9326123
2022-04,0.76723105,0.7151281,0.819334
2022-05,0.7497042,0.6982859,0.8011224
2022-06,0.8474858,0.79223025,0.9027414
2022-07,0.7776266,0.71844506,0.8368081
2022-08,0.87531734,0.81314784,0.9374869
2022-09,0.8159531,0.7546832,0.877223
2022-10,0.9506339,0.89292395,1.0083438
2022-11,0.66873515,0.6206243,0.71684605
2022-12,0.7452199,0.70008844,0.79035133
2023-01,0.7827479,0.73736787,0.828128
2023-02,0.8863414,0.83917415,0.93350863
2023-03,1.1294872,1.0835781,1.1753962
2023-04,0.9248374,0.87838376,0.971291
2023-05,0.8798387,0.82825917,0.93141824
2023-06,1.0592357,1.0050069,1.1134644
2023-07,1.1611524,1.10101,1.2212949
2023-08,1.2126604,1.1464459,1.278875
2023-09,1.3480984,1.2869649,1.4092318
2023-10,1.3267326,1.2688304,1.3846349
2023-11,1.3420995,1.282998,1.4012012
2023-12,1.2644229,1.212066,1.3167797
2024-01,1.1458833,1.0950173,1.1967493
2024-02,1.2756891,1.2282053,1.3231728
2024-03,1.2211863,1.1680738,1.2742987
2024-04,1.2070003,1.1596906,1.2543099
2024-05,1.0612608,1.0072759,1.1152457
2024-06,1.0935905,1.0378392,1.1493418
2024-07,1.1301341,1.0711745,1.1890937
2024-08,1.2156285,1.1537335,1.2775235
2024-09,1.1434727,1.081737,1.2052084
2024-10,1.2005678,1.1425029,1.2586329
2024-11,1.2102026,1.1539376,1.2664677
2024-12,1.1292105,1.0719439,1.186477
2025-01,1.2563721,1.2082137,1.3045305
2025-02,1.1163671,1.0644696,1.1682646
2025-03,1.1611763,1.1056322,1.2167205
2025-04,1.0904768,1.0362443,1.1447091
2025-05,0.952362,0.8982264,1.0064976
2025-06,0.88232994,0.81742644,0.9472335
2025-07,0.9311091,0.8745904,0.9876277
2025-08,1.015728,0.9524225,1.0790336
2025-09,1.1022607,1.040828,1.1636933
2025-10,1.0901086,1.0339844,1.1462328
2025-11,1.0748013,1.0085351,1.1410674
2025-12,0.92453414,0.86837107,0.98069715
2026-01,0.997841,0.94573116,1.0499508
2026-02,1.0494999,0.99738514,1.1016145
2026-03,1.0496206,0.99116814,1.1080731
